,0,1,2,3,4,5,6,7,8,9
1,4.19,2.98,2.91,2.53,2.3,1.91,1.82,1.86,1.96,1.91
2,2.98,2.91,2.53,2.3,1.91,1.82,1.86,1.96,1.91,1.84
3,2.91,2.53,2.3,1.91,1.82,1.86,1.96,1.91,1.84,1.88
4,2.53,2.3,1.91,1.82,1.86,1.96,1.91,1.84,1.88,1.98
5,2.3,1.91,1.82,1.86,1.96,1.91,1.84,1.88,1.98,2.04
6,1.91,1.82,1.86,1.96,1.91,1.84,1.88,1.98,2.04,2.14
7,1.82,1.86,1.96,1.91,1.84,1.88,1.98,2.04,2.14,2.15
8,1.86,1.96,1.91,1.84,1.88,1.98,2.04,2.14,2.15,2.29
9,1.96,1.91,1.84,1.88,1.98,2.04,2.14,2.15,2.29,2.22
10,1.91,1.84,1.88,1.98,2.04,2.14,2.15,2.29,2.22,2.22
11,1.84,1.88,1.98,2.04,2.14,2.15,2.29,2.22,2.22,2.28
12,1.88,1.98,2.04,2.14,2.15,2.29,2.22,2.22,2.28,2.17
13,1.98,2.04,2.14,2.15,2.29,2.22,2.22,2.28,2.17,2.16
14,2.04,2.14,2.15,2.29,2.22,2.22,2.28,2.17,2.16,2.22
15,2.14,2.15,2.29,2.22,2.22,2.28,2.17,2.16,2.22,2.27
16,2.15,2.29,2.22,2.22,2.28,2.17,2.16,2.22,2.27,2.15
17,2.29,2.22,2.22,2.28,2.17,2.16,2.22,2.27,2.15,2.15
18,2.22,2.22,2.28,2.17,2.16,2.22,2.27,2.15,2.15,2.24
19,2.22,2.28,2.17,2.16,2.22,2.27,2.15,2.15,2.24,2.2
20,2.28,2.17,2.16,2.22,2.27,2.15,2.15,2.24,2.2,2.22
21,2.17,2.16,2.22,2.27,2.15,2.15,2.24,2.2,2.22,2.37
22,2.16,2.22,2.27,2.15,2.15,2.24,2.2,2.22,2.37,2.53
23,2.22,2.27,2.15,2.15,2.24,2.2,2.22,2.37,2.53,2.54
24,2.27,2.15,2.15,2.24,2.2,2.22,2.37,2.53,2.54,2.58
25,2.15,2.15,2.24,2.2,2.22,2.37,2.53,2.54,2.58,2.77
26,2.15,2.24,2.2,2.22,2.37,2.53,2.54,2.58,2.77,2.76
27,2.24,2.2,2.22,2.37,2.53,2.54,2.58,2.77,2.76,2.85
28,2.2,2.22,2.37,2.53,2.54,2.58,2.77,2.76,2.85,3.08
29,2.22,2.37,2.53,2.54,2.58,2.77,2.76,2.85,3.08,3.0
30,2.37,2.53,2.54,2.58,2.77,2.76,2.85,3.08,3.0,2.83
31,2.53,2.54,2.58,2.77,2.76,2.85,3.08,3.0,2.83,2.89
32,2.54,2.58,2.77,2.76,2.85,3.08,3.0,2.83,2.89,3.21
33,2.58,2.77,2.76,2.85,3.08,3.0,2.83,2.89,3.21,3.42
34,2.77,2.76,2.85,3.08,3.0,2.83,2.89,3.21,3.42,3.16
35,2.76,2.85,3.08,3.0,2.83,2.89,3.21,3.42,3.16,3.25
36,2.85,3.08,3.0,2.83,2.89,3.21,3.42,3.16,3.25,2.89
37,3.08,3.0,2.83,2.89,3.21,3.42,3.16,3.25,2.89,2.55
38,3.0,2.83,2.89,3.21,3.42,3.16,3.25,2.89,2.55,2.51
39,2.83,2.89,3.21,3.42,3.16,3.25,2.89,2.55,2.51,2.34
40,2.89,3.21,3.42,3.16,3.25,2.89,2.55,2.51,2.34,2.34
41,3.21,3.42,3.16,3.25,2.89,2.55,2.51,2.34,2.34,2.21
42,3.42,3.16,3.25,2.89,2.55,2.51,2.34,2.34,2.21,2.26
43,3.16,3.25,2.89,2.55,2.51,2.34,2.34,2.21,2.26,2.11
44,3.25,2.89,2.55,2.51,2.34,2.34,2.21,2.26,2.11,2.05
45,2.89,2.55,2.51,2.34,2.34,2.21,2.26,2.11,2.05,2.11
46,2.55,2.51,2.34,2.34,2.21,2.26,2.11,2.05,2.11,2.08
47,2.51,2.34,2.34,2.21,2.26,2.11,2.05,2.11,2.08,2.28
48,2.34,2.34,2.21,2.26,2.11,2.05,2.11,2.08,2.28,2.21
49,2.34,2.21,2.26,2.11,2.05,2.11,2.08,2.28,2.21,2.2
50,2.21,2.26,2.11,2.05,2.11,2.08,2.28,2.21,2.2,2.22
51,2.26,2.11,2.05,2.11,2.08,2.28,2.21,2.2,2.22,2.18
52,2.11,2.05,2.11,2.08,2.28,2.21,2.2,2.22,2.18,2.22
53,2.05,2.11,2.08,2.28,2.21,2.2,2.22,2.18,2.22,2.23
54,2.11,2.08,2.28,2.21,2.2,2.22,2.18,2.22,2.23,2.3
55,2.08,2.28,2.21,2.2,2.22,2.18,2.22,2.23,2.3,2.41
56,2.28,2.21,2.2,2.22,2.18,2.22,2.23,2.3,2.41,2.57
57,2.21,2.2,2.22,2.18,2.22,2.23,2.3,2.41,2.57,2.46
58,2.2,2.22,2.18,2.22,2.23,2.3,2.41,2.57,2.46,2.4
59,2.22,2.18,2.22,2.23,2.3,2.41,2.57,2.46,2.4,2.23
60,2.18,2.22,2.23,2.3,2.41,2.57,2.46,2.4,2.23,2.14
61,2.22,2.23,2.3,2.41,2.57,2.46,2.4,2.23,2.14,2.2
62,2.23,2.3,2.41,2.57,2.46,2.4,2.23,2.14,2.2,2.13
63,2.3,2.41,2.57,2.46,2.4,2.23,2.14,2.2,2.13,2.09
64,2.41,2.57,2.46,2.4,2.23,2.14,2.2,2.13,2.09,2.1
65,2.57,2.46,2.4,2.23,2.14,2.2,2.13,2.09,2.1,2.0
66,2.46,2.4,2.23,2.14,2.2,2.13,2.09,2.1,2.0,2.11
67,2.4,2.23,2.14,2.2,2.13,2.09,2.1,2.0,2.11,2.38
68,2.23,2.14,2.2,2.13,2.09,2.1,2.0,2.11,2.38,2.39
69,2.14,2.2,2.13,2.09,2.1,2.0,2.11,2.38,2.39,2.36
70,2.2,2.13,2.09,2.1,2.0,2.11,2.38,2.39,2.36,2.21
71,2.13,2.09,2.1,2.0,2.11,2.38,2.39,2.36,2.21,2.05
72,2.09,2.1,2.0,2.11,2.38,2.39,2.36,2.21,2.05,1.95
73,2.1,2.0,2.11,2.38,2.39,2.36,2.21,2.05,1.95,1.86
74,2.0,2.11,2.38,2.39,2.36,2.21,2.05,1.95,1.86,1.85
75,2.11,2.38,2.39,2.36,2.21,2.05,1.95,1.86,1.85,1.93
76,2.38,2.39,2.36,2.21,2.05,1.95,1.86,1.85,1.93,1.81
77,2.39,2.36,2.21,2.05,1.95,1.86,1.85,1.93,1.81,1.72
78,2.36,2.21,2.05,1.95,1.86,1.85,1.93,1.81,1.72,1.83
79,2.21,2.05,1.95,1.86,1.85,1.93,1.81,1.72,1.83,2.07
80,2.05,1.95,1.86,1.85,1.93,1.81,1.72,1.83,2.07,2.24
81,1.95,1.86,1.85,1.93,1.81,1.72,1.83,2.07,2.24,2.2
82,1.86,1.85,1.93,1.81,1.72,1.83,2.07,2.24,2.2,1.99
83,1.85,1.93,1.81,1.72,1.83,2.07,2.24,2.2,1.99,1.73
84,1.93,1.81,1.72,1.83,2.07,2.24,2.2,1.99,1.73,1.9
85,1.81,1.72,1.83,2.07,2.24,2.2,1.99,1.73,1.9,1.89
86,1.72,1.83,2.07,2.24,2.2,1.99,1.73,1.9,1.89,2.11
87,1.83,2.07,2.24,2.2,1.99,1.73,1.9,1.89,2.11,2.27
88,2.07,2.24,2.2,1.99,1.73,1.9,1.89,2.11,2.27,2.12
89,2.24,2.2,1.99,1.73,1.9,1.89,2.11,2.27,2.12,2.08
90,2.2,1.99,1.73,1.9,1.89,2.11,2.27,2.12,2.08,1.34
91,1.99,1.73,1.9,1.89,2.11,2.27,2.12,2.08,1.34,1.6
92,1.73,1.9,1.89,2.11,2.27,2.12,2.08,1.34,1.6,1.93
93,1.9,1.89,2.11,2.27,2.12,2.08,1.34,1.6,1.93,1.95
94,1.89,2.11,2.27,2.12,2.08,1.34,1.6,1.93,1.95,1.84
95,2.11,2.27,2.12,2.08,1.34,1.6,1.93,1.95,1.84,2.0
96,2.27,2.12,2.08,1.34,1.6,1.93,1.95,1.84,2.0,1.81
97,2.12,2.08,1.34,1.6,1.93,1.95,1.84,2.0,1.81,1.81
98,2.08,1.34,1.6,1.93,1.95,1.84,2.0,1.81,1.81,1.76
99,1.34,1.6,1.93,1.95,1.84,2.0,1.81,1.81,1.76,1.79
100,1.6,1.93,1.95,1.84,2.0,1.81,1.81,1.76,1.79,1.81
101,1.93,1.95,1.84,2.0,1.81,1.81,1.76,1.79,1.81,1.79
102,1.95,1.84,2.0,1.81,1.81,1.76,1.79,1.81,1.79,1.7
103,1.84,2.0,1.81,1.81,1.76,1.79,1.81,1.79,1.7,1.69
104,2.0,1.81,1.81,1.76,1.79,1.81,1.79,1.7,1.69,1.87
105,1.81,1.81,1.76,1.79,1.81,1.79,1.7,1.69,1.87,1.75
106,1.81,1.76,1.79,1.81,1.79,1.7,1.69,1.87,1.75,1.79
107,1.76,1.79,1.81,1.79,1.7,1.69,1.87,1.75,1.79,1.92
108,1.79,1.81,1.79,1.7,1.69,1.87,1.75,1.79,1.92,2.04
109,1.81,1.79,1.7,1.69,1.87,1.75,1.79,1.92,2.04,2.12
110,1.79,1.7,1.69,1.87,1.75,1.79,1.92,2.04,2.12,2.18
111,1.7,1.69,1.87,1.75,1.79,1.92,2.04,2.12,2.18,2.3
112,1.69,1.87,1.75,1.79,1.92,2.04,2.12,2.18,2.3,2.3
113,1.87,1.75,1.79,1.92,2.04,2.12,2.18,2.3,2.3,2.24
114,1.75,1.79,1.92,2.04,2.12,2.18,2.3,2.3,2.24,2.27
115,1.79,1.92,2.04,2.12,2.18,2.3,2.3,2.24,2.27,2.23
116,1.92,2.04,2.12,2.18,2.3,2.3,2.24,2.27,2.23,2.34
117,2.04,2.12,2.18,2.3,2.3,2.24,2.27,2.23,2.34,2.37
118,2.12,2.18,2.3,2.3,2.24,2.27,2.23,2.34,2.37,2.27
119,2.18,2.3,2.3,2.24,2.27,2.23,2.34,2.37,2.27,2.25
120,2.3,2.3,2.24,2.27,2.23,2.34,2.37,2.27,2.25,2.29
121,2.3,2.24,2.27,2.23,2.34,2.37,2.27,2.25,2.29,2.21
122,2.24,2.27,2.23,2.34,2.37,2.27,2.25,2.29,2.21,2.14
123,2.27,2.23,2.34,2.37,2.27,2.25,2.29,2.21,2.14,2.29
124,2.23,2.34,2.37,2.27,2.25,2.29,2.21,2.14,2.29,2.58
125,2.34,2.37,2.27,2.25,2.29,2.21,2.14,2.29,2.58,2.63
126,2.37,2.27,2.25,2.29,2.21,2.14,2.29,2.58,2.63,2.75
127,2.27,2.25,2.29,2.21,2.14,2.29,2.58,2.63,2.75,2.8
128,2.25,2.29,2.21,2.14,2.29,2.58,2.63,2.75,2.8,2.98
129,2.29,2.21,2.14,2.29,2.58,2.63,2.75,2.8,2.98,2.69
130,2.21,2.14,2.29,2.58,2.63,2.75,2.8,2.98,2.69,2.7
131,2.14,2.29,2.58,2.63,2.75,2.8,2.98,2.69,2.7,2.58
132,2.29,2.58,2.63,2.75,2.8,2.98,2.69,2.7,2.58,2.42
133,2.58,2.63,2.75,2.8,2.98,2.69,2.7,2.58,2.42,2.46
134,2.63,2.75,2.8,2.98,2.69,2.7,2.58,2.42,2.46,2.45
135,2.75,2.8,2.98,2.69,2.7,2.58,2.42,2.46,2.45,2.67
136,2.8,2.98,2.69,2.7,2.58,2.42,2.46,2.45,2.67,2.92
137,2.98,2.69,2.7,2.58,2.42,2.46,2.45,2.67,2.92,2.94
138,2.69,2.7,2.58,2.42,2.46,2.45,2.67,2.92,2.94,2.75
139,2.7,2.58,2.42,2.46,2.45,2.67,2.92,2.94,2.75,2.39
140,2.58,2.42,2.46,2.45,2.67,2.92,2.94,2.75,2.39,2.24
141,2.42,2.46,2.45,2.67,2.92,2.94,2.75,2.39,2.24,2.0
142,2.46,2.45,2.67,2.92,2.94,2.75,2.39,2.24,2.0,2.2
143,2.45,2.67,2.92,2.94,2.75,2.39,2.24,2.0,2.2,2.21
144,2.67,2.92,2.94,2.75,2.39,2.24,2.0,2.2,2.21,2.49
145,2.92,2.94,2.75,2.39,2.24,2.0,2.2,2.21,2.49,2.53
146,2.94,2.75,2.39,2.24,2.0,2.2,2.21,2.49,2.53,2.33
147,2.75,2.39,2.24,2.0,2.2,2.21,2.49,2.53,2.33,2.18
148,2.39,2.24,2.0,2.2,2.21,2.49,2.53,2.33,2.18,2.25
149,2.24,2.0,2.2,2.21,2.49,2.53,2.33,2.18,2.25,2.46
150,2.0,2.2,2.21,2.49,2.53,2.33,2.18,2.25,2.46,2.71
151,2.2,2.21,2.49,2.53,2.33,2.18,2.25,2.46,2.71,2.81
152,2.21,2.49,2.53,2.33,2.18,2.25,2.46,2.71,2.81,2.67
153,2.49,2.53,2.33,2.18,2.25,2.46,2.71,2.81,2.67,2.64
154,2.53,2.33,2.18,2.25,2.46,2.71,2.81,2.67,2.64,2.52
155,2.33,2.18,2.25,2.46,2.71,2.81,2.67,2.64,2.52,2.7
156,2.18,2.25,2.46,2.71,2.81,2.67,2.64,2.52,2.7,2.74
157,2.25,2.46,2.71,2.81,2.67,2.64,2.52,2.7,2.74,2.81
158,2.46,2.71,2.81,2.67,2.64,2.52,2.7,2.74,2.81,2.77
159,2.71,2.81,2.67,2.64,2.52,2.7,2.74,2.81,2.77,2.88
160,2.81,2.67,2.64,2.52,2.7,2.74,2.81,2.77,2.88,2.92
161,2.67,2.64,2.52,2.7,2.74,2.81,2.77,2.88,2.92,3.03
162,2.64,2.52,2.7,2.74,2.81,2.77,2.88,2.92,3.03,3.11
163,2.52,2.7,2.74,2.81,2.77,2.88,2.92,3.03,3.11,3.11
164,2.7,2.74,2.81,2.77,2.88,2.92,3.03,3.11,3.11,3.15
165,2.74,2.81,2.77,2.88,2.92,3.03,3.11,3.11,3.15,3.26
166,2.81,2.77,2.88,2.92,3.03,3.11,3.11,3.15,3.26,3.56
167,2.77,2.88,2.92,3.03,3.11,3.11,3.15,3.26,3.56,4.04
168,2.88,2.92,3.03,3.11,3.11,3.15,3.26,3.56,4.04,4.36
169,2.92,3.03,3.11,3.11,3.15,3.26,3.56,4.04,4.36,4.19
170,3.03,3.11,3.11,3.15,3.26,3.56,4.04,4.36,4.19,4.3
171,3.11,3.11,3.15,3.26,3.56,4.04,4.36,4.19,4.3,4.28
172,3.11,3.15,3.26,3.56,4.04,4.36,4.19,4.3,4.28,4.39
173,3.15,3.26,3.56,4.04,4.36,4.19,4.3,4.28,4.39,4.15
174,3.26,3.56,4.04,4.36,4.19,4.3,4.28,4.39,4.15,4.18
175,3.56,4.04,4.36,4.19,4.3,4.28,4.39,4.15,4.18,3.98
176,4.04,4.36,4.19,4.3,4.28,4.39,4.15,4.18,3.98,3.72
177,4.36,4.19,4.3,4.28,4.39,4.15,4.18,3.98,3.72,4.01
178,4.19,4.3,4.28,4.39,4.15,4.18,3.98,3.72,4.01,4.44
179,4.3,4.28,4.39,4.15,4.18,3.98,3.72,4.01,4.44,4.33
180,4.28,4.39,4.15,4.18,3.98,3.72,4.01,4.44,4.33,4.63
181,4.39,4.15,4.18,3.98,3.72,4.01,4.44,4.33,4.63,4.66
182,4.15,4.18,3.98,3.72,4.01,4.44,4.33,4.63,4.66,4.82
183,4.18,3.98,3.72,4.01,4.44,4.33,4.63,4.66,4.82,5.05
184,3.98,3.72,4.01,4.44,4.33,4.63,4.66,4.82,5.05,5.17
185,3.72,4.01,4.44,4.33,4.63,4.66,4.82,5.05,5.17,5.21
186,4.01,4.44,4.33,4.63,4.66,4.82,5.05,5.17,5.21,5.2
187,4.44,4.33,4.63,4.66,4.82,5.05,5.17,5.21,5.2,5.26
188,4.33,4.63,4.66,4.82,5.05,5.17,5.21,5.2,5.26,5.17
189,4.63,4.66,4.82,5.05,5.17,5.21,5.2,5.26,5.17,4.68
190,4.66,4.82,5.05,5.17,5.21,5.2,5.26,5.17,4.68,4.49
191,4.82,5.05,5.17,5.21,5.2,5.26,5.17,4.68,4.49,4.96
192,5.05,5.17,5.21,5.2,5.26,5.17,4.68,4.49,4.96,5.78
193,5.17,5.21,5.2,5.26,5.17,4.68,4.49,4.96,5.78,6.29
194,5.21,5.2,5.26,5.17,4.68,4.49,4.96,5.78,6.29,6.18
195,5.2,5.26,5.17,4.68,4.49,4.96,5.78,6.29,6.18,8.16
196,5.26,5.17,4.68,4.49,4.96,5.78,6.29,6.18,8.16,8.37
197,5.17,4.68,4.49,4.96,5.78,6.29,6.18,8.16,8.37,9.86
198,4.68,4.49,4.96,5.78,6.29,6.18,8.16,8.37,9.86,9.88
199,4.49,4.96,5.78,6.29,6.18,8.16,8.37,9.86,9.88,9.79
200,4.96,5.78,6.29,6.18,8.16,8.37,9.86,9.88,9.79,9.57
201,5.78,6.29,6.18,8.16,8.37,9.86,9.88,9.79,9.57,7.68
202,6.29,6.18,8.16,8.37,9.86,9.88,9.79,9.57,7.68,7.07
203,6.18,8.16,8.37,9.86,9.88,9.79,9.57,7.68,7.07,6.23
204,8.16,8.37,9.86,9.88,9.79,9.57,7.68,7.07,6.23,5.98
205,8.37,9.86,9.88,9.79,9.57,7.68,7.07,6.23,5.98,5.63
206,9.86,9.88,9.79,9.57,7.68,7.07,6.23,5.98,5.63,5.13
207,9.88,9.79,9.57,7.68,7.07,6.23,5.98,5.63,5.13,5.14
208,9.79,9.57,7.68,7.07,6.23,5.98,5.63,5.13,5.14,5.24
209,9.57,7.68,7.07,6.23,5.98,5.63,5.13,5.14,5.24,5.12
210,7.68,7.07,6.23,5.98,5.63,5.13,5.14,5.24,5.12,5.2
211,7.07,6.23,5.98,5.63,5.13,5.14,5.24,5.12,5.2,5.39
212,6.23,5.98,5.63,5.13,5.14,5.24,5.12,5.2,5.39,5.27
213,5.98,5.63,5.13,5.14,5.24,5.12,5.2,5.39,5.27,5.44
214,5.63,5.13,5.14,5.24,5.12,5.2,5.39,5.27,5.44,5.21
215,5.13,5.14,5.24,5.12,5.2,5.39,5.27,5.44,5.21,4.99
216,5.14,5.24,5.12,5.2,5.39,5.27,5.44,5.21,4.99,4.56
217,5.24,5.12,5.2,5.39,5.27,5.44,5.21,4.99,4.56,4.22
218,5.12,5.2,5.39,5.27,5.44,5.21,4.99,4.56,4.22,4.31
219,5.2,5.39,5.27,5.44,5.21,4.99,4.56,4.22,4.31,4.05
220,5.39,5.27,5.44,5.21,4.99,4.56,4.22,4.31,4.05,3.74
221,5.27,5.44,5.21,4.99,4.56,4.22,4.31,4.05,3.74,3.79
222,5.44,5.21,4.99,4.56,4.22,4.31,4.05,3.74,3.79,3.97
223,5.21,4.99,4.56,4.22,4.31,4.05,3.74,3.79,3.97,3.81
224,4.99,4.56,4.22,4.31,4.05,3.74,3.79,3.97,3.81,3.3
225,4.56,4.22,4.31,4.05,3.74,3.79,3.97,3.81,3.3,3.0
226,4.22,4.31,4.05,3.74,3.79,3.97,3.81,3.3,3.0,3.19
227,4.31,4.05,3.74,3.79,3.97,3.81,3.3,3.0,3.19,3.07
228,4.05,3.74,3.79,3.97,3.81,3.3,3.0,3.19,3.07,3.08
229,3.74,3.79,3.97,3.81,3.3,3.0,3.19,3.07,3.08,3.21
230,3.79,3.97,3.81,3.3,3.0,3.19,3.07,3.08,3.21,3.09
231,3.97,3.81,3.3,3.0,3.19,3.07,3.08,3.21,3.09,3.18
232,3.81,3.3,3.0,3.19,3.07,3.08,3.21,3.09,3.18,3.04
233,3.3,3.0,3.19,3.07,3.08,3.21,3.09,3.18,3.04,2.45
234,3.0,3.19,3.07,3.08,3.21,3.09,3.18,3.04,2.45,2.34
235,3.19,3.07,3.08,3.21,3.09,3.18,3.04,2.45,2.34,2.4
236,3.07,3.08,3.21,3.09,3.18,3.04,2.45,2.34,2.4,2.15
237,3.08,3.21,3.09,3.18,3.04,2.45,2.34,2.4,2.15,1.9
238,3.21,3.09,3.18,3.04,2.45,2.34,2.4,2.15,1.9,1.96
239,3.09,3.18,3.04,2.45,2.34,2.4,2.15,1.9,1.96,2.21
240,3.18,3.04,2.45,2.34,2.4,2.15,1.9,1.96,2.21,2.42
241,3.04,2.45,2.34,2.4,2.15,1.9,1.96,2.21,2.42,2.86
242,2.45,2.34,2.4,2.15,1.9,1.96,2.21,2.42,2.86,3.06
243,2.34,2.4,2.15,1.9,1.96,2.21,2.42,2.86,3.06,2.72
244,2.4,2.15,1.9,1.96,2.21,2.42,2.86,3.06,2.72,2.16
245,2.15,1.9,1.96,2.21,2.42,2.86,3.06,2.72,2.16,2.18
246,1.9,1.96,2.21,2.42,2.86,3.06,2.72,2.16,2.18,2.0
247,1.96,2.21,2.42,2.86,3.06,2.72,2.16,2.18,2.0,1.98
248,2.21,2.42,2.86,3.06,2.72,2.16,2.18,2.0,1.98,2.45
249,2.42,2.86,3.06,2.72,2.16,2.18,2.0,1.98,2.45,2.4
250,2.86,3.06,2.72,2.16,2.18,2.0,1.98,2.45,2.4,2.4
251,3.06,2.72,2.16,2.18,2.0,1.98,2.45,2.4,2.4,2.53
252,2.72,2.16,2.18,2.0,1.98,2.45,2.4,2.4,2.53,2.38
253,2.16,2.18,2.0,1.98,2.45,2.4,2.4,2.53,2.38,2.34
254,2.18,2.0,1.98,2.45,2.4,2.4,2.53,2.38,2.34,2.18
255,2.0,1.98,2.45,2.4,2.4,2.53,2.38,2.34,2.18,2.18
256,1.98,2.45,2.4,2.4,2.53,2.38,2.34,2.18,2.18,2.22
257,2.45,2.4,2.4,2.53,2.38,2.34,2.18,2.18,2.22,2.28
258,2.4,2.4,2.53,2.38,2.34,2.18,2.18,2.22,2.28,2.38
259,2.4,2.53,2.38,2.34,2.18,2.18,2.22,2.28,2.38,2.47
260,2.53,2.38,2.34,2.18,2.18,2.22,2.28,2.38,2.47,2.67
261,2.38,2.34,2.18,2.18,2.22,2.28,2.38,2.47,2.67,2.92
262,2.34,2.18,2.18,2.22,2.28,2.38,2.47,2.67,2.92,3.31
263,2.18,2.18,2.22,2.28,2.38,2.47,2.67,2.92,3.31,3.4
264,2.18,2.22,2.28,2.38,2.47,2.67,2.92,3.31,3.4,3.54
265,2.22,2.28,2.38,2.47,2.67,2.92,3.31,3.4,3.54,3.21
266,2.28,2.38,2.47,2.67,2.92,3.31,3.4,3.54,3.21,3.4
267,2.38,2.47,2.67,2.92,3.31,3.4,3.54,3.21,3.4,3.5
268,2.47,2.67,2.92,3.31,3.4,3.54,3.21,3.4,3.5,3.65
269,2.67,2.92,3.31,3.4,3.54,3.21,3.4,3.5,3.65,3.65
270,2.92,3.31,3.4,3.54,3.21,3.4,3.5,3.65,3.65,3.57
271,3.31,3.4,3.54,3.21,3.4,3.5,3.65,3.65,3.57,3.35
272,3.4,3.54,3.21,3.4,3.5,3.65,3.65,3.57,3.35,3.24
273,3.54,3.21,3.4,3.5,3.65,3.65,3.57,3.35,3.24,3.24
274,3.21,3.4,3.5,3.65,3.65,3.57,3.35,3.24,3.24,3.11
275,3.4,3.5,3.65,3.65,3.57,3.35,3.24,3.24,3.11,3.26
276,3.5,3.65,3.65,3.57,3.35,3.24,3.24,3.11,3.26,3.43
277,3.65,3.65,3.57,3.35,3.24,3.24,3.11,3.26,3.43,3.18
278,3.65,3.57,3.35,3.24,3.24,3.11,3.26,3.43,3.18,2.96
279,3.57,3.35,3.24,3.24,3.11,3.26,3.43,3.18,2.96,2.9
280,3.35,3.24,3.24,3.11,3.26,3.43,3.18,2.96,2.9,2.97
281,3.24,3.24,3.11,3.26,3.43,3.18,2.96,2.9,2.97,3.01
282,3.24,3.11,3.26,3.43,3.18,2.96,2.9,2.97,3.01,2.78
283,3.11,3.26,3.43,3.18,2.96,2.9,2.97,3.01,2.78,2.99
284,3.26,3.43,3.18,2.96,2.9,2.97,3.01,2.78,2.99,3.28
285,3.43,3.18,2.96,2.9,2.97,3.01,2.78,2.99,3.28,3.33
286,3.18,2.96,2.9,2.97,3.01,2.78,2.99,3.28,3.33,3.21
287,2.96,2.9,2.97,3.01,2.78,2.99,3.28,3.33,3.21,3.3
288,2.9,2.97,3.01,2.78,2.99,3.28,3.33,3.21,3.3,3.71
289,2.97,3.01,2.78,2.99,3.28,3.33,3.21,3.3,3.71,3.8
290,3.01,2.78,2.99,3.28,3.33,3.21,3.3,3.71,3.8,4.17
291,2.78,2.99,3.28,3.33,3.21,3.3,3.71,3.8,4.17,3.85
292,2.99,3.28,3.33,3.21,3.3,3.71,3.8,4.17,3.85,4.14
293,3.28,3.33,3.21,3.3,3.71,3.8,4.17,3.85,4.14,4.22
294,3.33,3.21,3.3,3.71,3.8,4.17,3.85,4.14,4.22,4.23
295,3.21,3.3,3.71,3.8,4.17,3.85,4.14,4.22,4.23,3.88
296,3.3,3.71,3.8,4.17,3.85,4.14,4.22,4.23,3.88,3.86
297,3.71,3.8,4.17,3.85,4.14,4.22,4.23,3.88,3.86,4.25
298,3.8,4.17,3.85,4.14,4.22,4.23,3.88,3.86,4.25,4.25
299,4.17,3.85,4.14,4.22,4.23,3.88,3.86,4.25,4.25,4.31
300,3.85,4.14,4.22,4.23,3.88,3.86,4.25,4.25,4.31,4.64
301,4.14,4.22,4.23,3.88,3.86,4.25,4.25,4.31,4.64,5.12
302,4.22,4.23,3.88,3.86,4.25,4.25,4.31,4.64,5.12,4.96
303,4.23,3.88,3.86,4.25,4.25,4.31,4.64,5.12,4.96,4.85
304,3.88,3.86,4.25,4.25,4.31,4.64,5.12,4.96,4.85,5.03
305,3.86,4.25,4.25,4.31,4.64,5.12,4.96,4.85,5.03,5.37
306,4.25,4.25,4.31,4.64,5.12,4.96,4.85,5.03,5.37,5.91
307,4.25,4.31,4.64,5.12,4.96,4.85,5.03,5.37,5.91,5.68
308,4.31,4.64,5.12,4.96,4.85,5.03,5.37,5.91,5.68,6.11
309,4.64,5.12,4.96,4.85,5.03,5.37,5.91,5.68,6.11,6.08
310,5.12,4.96,4.85,5.03,5.37,5.91,5.68,6.11,6.08,6.33
311,4.96,4.85,5.03,5.37,5.91,5.68,6.11,6.08,6.33,12.03
312,4.85,5.03,5.37,5.91,5.68,6.11,6.08,6.33,12.03,7.8
313,5.03,5.37,5.91,5.68,6.11,6.08,6.33,12.03,7.8,5.94
314,5.37,5.91,5.68,6.11,6.08,6.33,12.03,7.8,5.94,5.18
315,5.91,5.68,6.11,6.08,6.33,12.03,7.8,5.94,5.18,4.99
316,5.68,6.11,6.08,6.33,12.03,7.8,5.94,5.18,4.99,4.91
317,6.11,6.08,6.33,12.03,7.8,5.94,5.18,4.99,4.91,5.15
318,6.08,6.33,12.03,7.8,5.94,5.18,4.99,4.91,5.15,5.5
319,6.33,12.03,7.8,5.94,5.18,4.99,4.91,5.15,5.5,5.51
320,12.03,7.8,5.94,5.18,4.99,4.91,5.15,5.5,5.51,5.25
321,7.8,5.94,5.18,4.99,4.91,5.15,5.5,5.51,5.25,5.57
322,5.94,5.18,4.99,4.91,5.15,5.5,5.51,5.25,5.57,6.05
323,5.18,4.99,4.91,5.15,5.5,5.51,5.25,5.57,6.05,6.02
324,4.99,4.91,5.15,5.5,5.51,5.25,5.57,6.05,6.02,5.83
325,4.91,5.15,5.5,5.51,5.25,5.57,6.05,6.02,5.83,6.26
326,5.15,5.5,5.51,5.25,5.57,6.05,6.02,5.83,6.26,5.94
327,5.5,5.51,5.25,5.57,6.05,6.02,5.83,6.26,5.94,5.57
328,5.51,5.25,5.57,6.05,6.02,5.83,6.26,5.94,5.57,5.61
329,5.25,5.57,6.05,6.02,5.83,6.26,5.94,5.57,5.61,5.14
330,5.57,6.05,6.02,5.83,6.26,5.94,5.57,5.61,5.14,5.36
331,6.05,6.02,5.83,6.26,5.94,5.57,5.61,5.14,5.36,5.06
332,6.02,5.83,6.26,5.94,5.57,5.61,5.14,5.36,5.06,4.91
333,5.83,6.26,5.94,5.57,5.61,5.14,5.36,5.06,4.91,4.68
334,6.26,5.94,5.57,5.61,5.14,5.36,5.06,4.91,4.68,4.83
335,5.94,5.57,5.61,5.14,5.36,5.06,4.91,4.68,4.83,5.05
336,5.57,5.61,5.14,5.36,5.06,4.91,4.68,4.83,5.05,5.07
337,5.61,5.14,5.36,5.06,4.91,4.68,4.83,5.05,5.07,5.05
338,5.14,5.36,5.06,4.91,4.68,4.83,5.05,5.07,5.05,4.69
339,5.36,5.06,4.91,4.68,4.83,5.05,5.07,5.05,4.69,4.76
340,5.06,4.91,4.68,4.83,5.05,5.07,5.05,4.69,4.76,4.56
341,4.91,4.68,4.83,5.05,5.07,5.05,4.69,4.76,4.56,4.49
342,4.68,4.83,5.05,5.07,5.05,4.69,4.76,4.56,4.49,4.49
343,4.83,5.05,5.07,5.05,4.69,4.76,4.56,4.49,4.49,4.72
344,5.05,5.07,5.05,4.69,4.76,4.56,4.49,4.49,4.72,4.84
345,5.07,5.05,4.69,4.76,4.56,4.49,4.49,4.72,4.84,4.7
346,5.05,4.69,4.76,4.56,4.49,4.49,4.72,4.84,4.7,4.38
347,4.69,4.76,4.56,4.49,4.49,4.72,4.84,4.7,4.38,4.36
348,4.76,4.56,4.49,4.49,4.72,4.84,4.7,4.38,4.36,4.59
349,4.56,4.49,4.49,4.72,4.84,4.7,4.38,4.36,4.59,4.36
350,4.49,4.49,4.72,4.84,4.7,4.38,4.36,4.59,4.36,4.64
351,4.49,4.72,4.84,4.7,4.38,4.36,4.59,4.36,4.64,5.58
352,4.72,4.84,4.7,4.38,4.36,4.59,4.36,4.64,5.58,6.51
353,4.84,4.7,4.38,4.36,4.59,4.36,4.64,5.58,6.51,6.73
354,4.7,4.38,4.36,4.59,4.36,4.64,5.58,6.51,6.73,5.8
355,4.38,4.36,4.59,4.36,4.64,5.58,6.51,6.73,5.8,5.73
356,4.36,4.59,4.36,4.64,5.58,6.51,6.73,5.8,5.73,6.65
357,4.59,4.36,4.64,5.58,6.51,6.73,5.8,5.73,6.65,5.95
358,4.36,4.64,5.58,6.51,6.73,5.8,5.73,6.65,5.95,6.07
359,4.64,5.58,6.51,6.73,5.8,5.73,6.65,5.95,6.07,5.88
360,5.58,6.51,6.73,5.8,5.73,6.65,5.95,6.07,5.88,5.57
361,6.51,6.73,5.8,5.73,6.65,5.95,6.07,5.88,5.57,5.45
362,6.73,5.8,5.73,6.65,5.95,6.07,5.88,5.57,5.45,5.31
363,5.8,5.73,6.65,5.95,6.07,5.88,5.57,5.45,5.31,5.14
364,5.73,6.65,5.95,6.07,5.88,5.57,5.45,5.31,5.14,5.27
365,6.65,5.95,6.07,5.88,5.57,5.45,5.31,5.14,5.27,5.39
366,5.95,6.07,5.88,5.57,5.45,5.31,5.14,5.27,5.39,5.58
367,6.07,5.88,5.57,5.45,5.31,5.14,5.27,5.39,5.58,5.31
368,5.88,5.57,5.45,5.31,5.14,5.27,5.39,5.58,5.31,5.56
369,5.57,5.45,5.31,5.14,5.27,5.39,5.58,5.31,5.56,5.78
370,5.45,5.31,5.14,5.27,5.39,5.58,5.31,5.56,5.78,5.76
371,5.31,5.14,5.27,5.39,5.58,5.31,5.56,5.78,5.76,5.53
372,5.14,5.27,5.39,5.58,5.31,5.56,5.78,5.76,5.53,5.76
373,5.27,5.39,5.58,5.31,5.56,5.78,5.76,5.53,5.76,6.1
374,5.39,5.58,5.31,5.56,5.78,5.76,5.53,5.76,6.1,6.33
375,5.58,5.31,5.56,5.78,5.76,5.53,5.76,6.1,6.33,6.33
376,5.31,5.56,5.78,5.76,5.53,5.76,6.1,6.33,6.33,6.57
377,5.56,5.78,5.76,5.53,5.76,6.1,6.33,6.33,6.57,6.39
378,5.78,5.76,5.53,5.76,6.1,6.33,6.33,6.57,6.39,6.08
379,5.76,5.53,5.76,6.1,6.33,6.33,6.57,6.39,6.08,6.39
380,5.53,5.76,6.1,6.33,6.33,6.57,6.39,6.08,6.39,6.34
381,5.76,6.1,6.33,6.33,6.57,6.39,6.08,6.39,6.34,6.0
382,6.1,6.33,6.33,6.57,6.39,6.08,6.39,6.34,6.0,6.13
383,6.33,6.33,6.57,6.39,6.08,6.39,6.34,6.0,6.13,5.88
384,6.33,6.57,6.39,6.08,6.39,6.34,6.0,6.13,5.88,5.86
385,6.57,6.39,6.08,6.39,6.34,6.0,6.13,5.88,5.86,5.91
386,6.39,6.08,6.39,6.34,6.0,6.13,5.88,5.86,5.91,5.66
387,6.08,6.39,6.34,6.0,6.13,5.88,5.86,5.91,5.66,5.55
388,6.39,6.34,6.0,6.13,5.88,5.86,5.91,5.66,5.55,5.34
389,6.34,6.0,6.13,5.88,5.86,5.91,5.66,5.55,5.34,5.23
390,6.0,6.13,5.88,5.86,5.91,5.66,5.55,5.34,5.23,4.84
391,6.13,5.88,5.86,5.91,5.66,5.55,5.34,5.23,4.84,4.56
392,5.88,5.86,5.91,5.66,5.55,5.34,5.23,4.84,4.56,5.04
393,5.86,5.91,5.66,5.55,5.34,5.23,4.84,4.56,5.04,5.44
394,5.91,5.66,5.55,5.34,5.23,4.84,4.56,5.04,5.44,5.73
395,5.66,5.55,5.34,5.23,4.84,4.56,5.04,5.44,5.73,5.92
396,5.55,5.34,5.23,4.84,4.56,5.04,5.44,5.73,5.92,5.61
397,5.34,5.23,4.84,4.56,5.04,5.44,5.73,5.92,5.61,6.7
398,5.23,4.84,4.56,5.04,5.44,5.73,5.92,5.61,6.7,7.38
399,4.84,4.56,5.04,5.44,5.73,5.92,5.61,6.7,7.38,6.92
400,4.56,5.04,5.44,5.73,5.92,5.61,6.7,7.38,6.92,6.12
401,5.04,5.44,5.73,5.92,5.61,6.7,7.38,6.92,6.12,5.81
402,5.44,5.73,5.92,5.61,6.7,7.38,6.92,6.12,5.81,5.16
403,5.73,5.92,5.61,6.7,7.38,6.92,6.12,5.81,5.16,6.61
404,5.92,5.61,6.7,7.38,6.92,6.12,5.81,5.16,6.61,6.08
405,5.61,6.7,7.38,6.92,6.12,5.81,5.16,6.61,6.08,7.03
406,6.7,7.38,6.92,6.12,5.81,5.16,6.61,6.08,7.03,7.0
407,7.38,6.92,6.12,5.81,5.16,6.61,6.08,7.03,7.0,6.26
408,6.92,6.12,5.81,5.16,6.61,6.08,7.03,7.0,6.26,5.74
409,6.12,5.81,5.16,6.61,6.08,7.03,7.0,6.26,5.74,6.11
410,5.81,5.16,6.61,6.08,7.03,7.0,6.26,5.74,6.11,6.4
411,5.16,6.61,6.08,7.03,7.0,6.26,5.74,6.11,6.4,6.4
412,6.61,6.08,7.03,7.0,6.26,5.74,6.11,6.4,6.4,6.25
413,6.08,7.03,7.0,6.26,5.74,6.11,6.4,6.4,6.25,6.08
414,7.03,7.0,6.26,5.74,6.11,6.4,6.4,6.25,6.08,6.0
415,7.0,6.26,5.74,6.11,6.4,6.4,6.25,6.08,6.0,6.13
416,6.26,5.74,6.11,6.4,6.4,6.25,6.08,6.0,6.13,6.62
417,5.74,6.11,6.4,6.4,6.25,6.08,6.0,6.13,6.62,6.82
418,6.11,6.4,6.4,6.25,6.08,6.0,6.13,6.62,6.82,7.09
419,6.4,6.4,6.25,6.08,6.0,6.13,6.62,6.82,7.09,7.15
420,6.4,6.25,6.08,6.0,6.13,6.62,6.82,7.09,7.15,7.22
421,6.25,6.08,6.0,6.13,6.62,6.82,7.09,7.15,7.22,7.49
422,6.08,6.0,6.13,6.62,6.82,7.09,7.15,7.22,7.49,7.11
423,6.0,6.13,6.62,6.82,7.09,7.15,7.22,7.49,7.11,7.0
424,6.13,6.62,6.82,7.09,7.15,7.22,7.49,7.11,7.0,6.95
425,6.62,6.82,7.09,7.15,7.22,7.49,7.11,7.0,6.95,6.58
426,6.82,7.09,7.15,7.22,7.49,7.11,7.0,6.95,6.58,6.59
427,7.09,7.15,7.22,7.49,7.11,7.0,6.95,6.58,6.59,6.42
428,7.15,7.22,7.49,7.11,7.0,6.95,6.58,6.59,6.42,6.33
429,7.22,7.49,7.11,7.0,6.95,6.58,6.59,6.42,6.33,6.49
430,7.49,7.11,7.0,6.95,6.58,6.59,6.42,6.33,6.49,7.11
431,7.11,7.0,6.95,6.58,6.59,6.42,6.33,6.49,7.11,7.36
432,7.0,6.95,6.58,6.59,6.42,6.33,6.49,7.11,7.36,7.52
433,6.95,6.58,6.59,6.42,6.33,6.49,7.11,7.36,7.52,7.09
434,6.58,6.59,6.42,6.33,6.49,7.11,7.36,7.52,7.09,7.64
435,6.59,6.42,6.33,6.49,7.11,7.36,7.52,7.09,7.64,7.79
436,6.42,6.33,6.49,7.11,7.36,7.52,7.09,7.64,7.79,7.65
437,6.33,6.49,7.11,7.36,7.52,7.09,7.64,7.79,7.65,7.56
438,6.49,7.11,7.36,7.52,7.09,7.64,7.79,7.65,7.56,8.46
439,7.11,7.36,7.52,7.09,7.64,7.79,7.65,7.56,8.46,9.07
440,7.36,7.52,7.09,7.64,7.79,7.65,7.56,8.46,9.07,9.53
441,7.52,7.09,7.64,7.79,7.65,7.56,8.46,9.07,9.53,9.81
442,7.09,7.64,7.79,7.65,7.56,8.46,9.07,9.53,9.81,11.6
443,7.64,7.79,7.65,7.56,8.46,9.07,9.53,9.81,11.6,11.14
444,7.79,7.65,7.56,8.46,9.07,9.53,9.81,11.6,11.14,10.94
445,7.65,7.56,8.46,9.07,9.53,9.81,11.6,11.14,10.94,13.46
446,7.56,8.46,9.07,9.53,9.81,11.6,11.14,10.94,13.46,13.67
447,8.46,9.07,9.53,9.81,11.6,11.14,10.94,13.46,13.67,13.4
448,9.07,9.53,9.81,11.6,11.14,10.94,13.46,13.67,13.4,13.36
449,9.53,9.81,11.6,11.14,10.94,13.46,13.67,13.4,13.36,13.71
450,9.81,11.6,11.14,10.94,13.46,13.67,13.4,13.36,13.71,10.86
451,11.6,11.14,10.94,13.46,13.67,13.4,13.36,13.71,10.86,9.22
452,11.14,10.94,13.46,13.67,13.4,13.36,13.71,10.86,9.22,10.26
453,10.94,13.46,13.67,13.4,13.36,13.71,10.86,9.22,10.26,10.88
454,13.46,13.67,13.4,13.36,13.71,10.86,9.22,10.26,10.88,11.89
455,13.67,13.4,13.36,13.71,10.86,9.22,10.26,10.88,11.89,14.21
456,13.4,13.36,13.71,10.86,9.22,10.26,10.88,11.89,14.21,14.49
457,13.36,13.71,10.86,9.22,10.26,10.88,11.89,14.21,14.49,13.06
458,13.71,10.86,9.22,10.26,10.88,11.89,14.21,14.49,13.06,9.93
459,10.86,9.22,10.26,10.88,11.89,14.21,14.49,13.06,9.93,9.42
460,9.22,10.26,10.88,11.89,14.21,14.49,13.06,9.93,9.42,8.63
461,10.26,10.88,11.89,14.21,14.49,13.06,9.93,9.42,8.63,8.67
462,10.88,11.89,14.21,14.49,13.06,9.93,9.42,8.63,8.67,8.22
463,11.89,14.21,14.49,13.06,9.93,9.42,8.63,8.67,8.22,8.36
464,14.21,14.49,13.06,9.93,9.42,8.63,8.67,8.22,8.36,7.8
465,14.49,13.06,9.93,9.42,8.63,8.67,8.22,8.36,7.8,7.25
466,13.06,9.93,9.42,8.63,8.67,8.22,8.36,7.8,7.25,7.39
467,9.93,9.42,8.63,8.67,8.22,8.36,7.8,7.25,7.39,6.71
468,9.42,8.63,8.67,8.22,8.36,7.8,7.25,7.39,6.71,6.44
469,8.63,8.67,8.22,8.36,7.8,7.25,7.39,6.71,6.44,7.06
470,8.67,8.22,8.36,7.8,7.25,7.39,6.71,6.44,7.06,7.1
471,8.22,8.36,7.8,7.25,7.39,6.71,6.44,7.06,7.1,7.11
472,8.36,7.8,7.25,7.39,6.71,6.44,7.06,7.1,7.11,6.98
473,7.8,7.25,7.39,6.71,6.44,7.06,7.1,7.11,6.98,6.81
474,7.25,7.39,6.71,6.44,7.06,7.1,7.11,6.98,6.81,7.63
475,7.39,6.71,6.44,7.06,7.1,7.11,6.98,6.81,7.63,7.17
476,6.71,6.44,7.06,7.1,7.11,6.98,6.81,7.63,7.17,6.61
477,6.44,7.06,7.1,7.11,6.98,6.81,7.63,7.17,6.61,6.55
478,7.06,7.1,7.11,6.98,6.81,7.63,7.17,6.61,6.55,5.92
479,7.1,7.11,6.98,6.81,7.63,7.17,6.61,6.55,5.92,5.96
480,7.11,6.98,6.81,7.63,7.17,6.61,6.55,5.92,5.96,6.16
481,6.98,6.81,7.63,7.17,6.61,6.55,5.92,5.96,6.16,6.06
482,6.81,7.63,7.17,6.61,6.55,5.92,5.96,6.16,6.06,6.3
483,7.63,7.17,6.61,6.55,5.92,5.96,6.16,6.06,6.3,6.5
484,7.17,6.61,6.55,5.92,5.96,6.16,6.06,6.3,6.5,5.97
485,6.61,6.55,5.92,5.96,6.16,6.06,6.3,6.5,5.97,5.39
486,6.55,5.92,5.96,6.16,6.06,6.3,6.5,5.97,5.39,5.74
487,5.92,5.96,6.16,6.06,6.3,6.5,5.97,5.39,5.74,6.04
488,5.96,6.16,6.06,6.3,6.5,5.97,5.39,5.74,6.04,6.82
489,6.16,6.06,6.3,6.5,5.97,5.39,5.74,6.04,6.82,8.08
490,6.06,6.3,6.5,5.97,5.39,5.74,6.04,6.82,8.08,7.43
491,6.3,6.5,5.97,5.39,5.74,6.04,6.82,8.08,7.43,6.84
492,6.5,5.97,5.39,5.74,6.04,6.82,8.08,7.43,6.84,7.09
493,5.97,5.39,5.74,6.04,6.82,8.08,7.43,6.84,7.09,6.04
494,5.39,5.74,6.04,6.82,8.08,7.43,6.84,7.09,6.04,5.53
495,5.74,6.04,6.82,8.08,7.43,6.84,7.09,6.04,5.53,5.15
496,6.04,6.82,8.08,7.43,6.84,7.09,6.04,5.53,5.15,4.8
497,6.82,8.08,7.43,6.84,7.09,6.04,5.53,5.15,4.8,4.17
498,8.08,7.43,6.84,7.09,6.04,5.53,5.15,4.8,4.17,4.32
499,7.43,6.84,7.09,6.04,5.53,5.15,4.8,4.17,4.32,5.07
500,6.84,7.09,6.04,5.53,5.15,4.8,4.17,4.32,5.07,6.22
501,7.09,6.04,5.53,5.15,4.8,4.17,4.32,5.07,6.22,7.39
502,6.04,5.53,5.15,4.8,4.17,4.32,5.07,6.22,7.39,7.11
503,5.53,5.15,4.8,4.17,4.32,5.07,6.22,7.39,7.11,7.04
504,5.15,4.8,4.17,4.32,5.07,6.22,7.39,7.11,7.04,7.39
505,4.8,4.17,4.32,5.07,6.22,7.39,7.11,7.04,7.39,7.59
506,4.17,4.32,5.07,6.22,7.39,7.11,7.04,7.39,7.59,7.93
507,4.32,5.07,6.22,7.39,7.11,7.04,7.39,7.59,7.93,7.51
508,5.07,6.22,7.39,7.11,7.04,7.39,7.59,7.93,7.51,7.01
509,6.22,7.39,7.11,7.04,7.39,7.59,7.93,7.51,7.01,6.26
510,7.39,7.11,7.04,7.39,7.59,7.93,7.51,7.01,6.26,5.6
511,7.11,7.04,7.39,7.59,7.93,7.51,7.01,6.26,5.6,5.5
512,7.04,7.39,7.59,7.93,7.51,7.01,6.26,5.6,5.5,6.13
513,7.39,7.59,7.93,7.51,7.01,6.26,5.6,5.5,6.13,6.52
514,7.59,7.93,7.51,7.01,6.26,5.6,5.5,6.13,6.52,7.29
515,7.93,7.51,7.01,6.26,5.6,5.5,6.13,6.52,7.29,7.71
516,7.51,7.01,6.26,5.6,5.5,6.13,6.52,7.29,7.71,8.31
517,7.01,6.26,5.6,5.5,6.13,6.52,7.29,7.71,8.31,8.43
518,6.26,5.6,5.5,6.13,6.52,7.29,7.71,8.31,8.43,7.46
519,5.6,5.5,6.13,6.52,7.29,7.71,8.31,8.43,7.46,7.34
520,5.5,6.13,6.52,7.29,7.71,8.31,8.43,7.46,7.34,7.32
521,6.13,6.52,7.29,7.71,8.31,8.43,7.46,7.34,7.32,6.86
522,6.52,7.29,7.71,8.31,8.43,7.46,7.34,7.32,6.86,6.91
523,7.29,7.71,8.31,8.43,7.46,7.34,7.32,6.86,6.91,7.32
524,7.71,8.31,8.43,7.46,7.34,7.32,6.86,6.91,7.32,7.55
525,8.31,8.43,7.46,7.34,7.32,6.86,6.91,7.32,7.55,7.83
526,8.43,7.46,7.34,7.32,6.86,6.91,7.32,7.55,7.83,7.51
527,7.46,7.34,7.32,6.86,6.91,7.32,7.55,7.83,7.51,7.48
528,7.34,7.32,6.86,6.91,7.32,7.55,7.83,7.51,7.48,7.68
529,7.32,6.86,6.91,7.32,7.55,7.83,7.51,7.48,7.68,7.56
530,6.86,6.91,7.32,7.55,7.83,7.51,7.48,7.68,7.56,7.74
531,6.91,7.32,7.55,7.83,7.51,7.48,7.68,7.56,7.74,7.56
532,7.32,7.55,7.83,7.51,7.48,7.68,7.56,7.74,7.56,7.65
533,7.55,7.83,7.51,7.48,7.68,7.56,7.74,7.56,7.65,7.76
534,7.83,7.51,7.48,7.68,7.56,7.74,7.56,7.65,7.76,7.51
535,7.51,7.48,7.68,7.56,7.74,7.56,7.65,7.76,7.51,7.36
536,7.48,7.68,7.56,7.74,7.56,7.65,7.76,7.51,7.36,6.71
537,7.68,7.56,7.74,7.56,7.65,7.76,7.51,7.36,6.71,6.27
538,7.56,7.74,7.56,7.65,7.76,7.51,7.36,6.71,6.27,6.4
539,7.74,7.56,7.65,7.76,7.51,7.36,6.71,6.27,6.4,6.37
540,7.56,7.65,7.76,7.51,7.36,6.71,6.27,6.4,6.37,5.76
541,7.65,7.76,7.51,7.36,6.71,6.27,6.4,6.37,5.76,6.3
542,7.76,7.51,7.36,6.71,6.27,6.4,6.37,5.76,6.3,6.35
543,7.51,7.36,6.71,6.27,6.4,6.37,5.76,6.3,6.35,7.08
544,7.36,6.71,6.27,6.4,6.37,5.76,6.3,6.35,7.08,5.93
545,6.71,6.27,6.4,6.37,5.76,6.3,6.35,7.08,5.93,5.51
546,6.27,6.4,6.37,5.76,6.3,6.35,7.08,5.93,5.51,5.66
547,6.4,6.37,5.76,6.3,6.35,7.08,5.93,5.51,5.66,6.03
548,6.37,5.76,6.3,6.35,7.08,5.93,5.51,5.66,6.03,6.21
549,5.76,6.3,6.35,7.08,5.93,5.51,5.66,6.03,6.21,6.33
550,6.3,6.35,7.08,5.93,5.51,5.66,6.03,6.21,6.33,6.65
551,6.35,7.08,5.93,5.51,5.66,6.03,6.21,6.33,6.65,6.68
552,7.08,5.93,5.51,5.66,6.03,6.21,6.33,6.65,6.68,7.1
553,5.93,5.51,5.66,6.03,6.21,6.33,6.65,6.68,7.1,6.39
554,5.51,5.66,6.03,6.21,6.33,6.65,6.68,7.1,6.39,6.93
555,5.66,6.03,6.21,6.33,6.65,6.68,7.1,6.39,6.93,6.95
556,6.03,6.21,6.33,6.65,6.68,7.1,6.39,6.93,6.95,7.19
557,6.21,6.33,6.65,6.68,7.1,6.39,6.93,6.95,7.19,6.88
558,6.33,6.65,6.68,7.1,6.39,6.93,6.95,7.19,6.88,7.44
559,6.65,6.68,7.1,6.39,6.93,6.95,7.19,6.88,7.44,7.12
560,6.68,7.1,6.39,6.93,6.95,7.19,6.88,7.44,7.12,7.17
561,7.1,6.39,6.93,6.95,7.19,6.88,7.44,7.12,7.17,7.12
562,6.39,6.93,6.95,7.19,6.88,7.44,7.12,7.17,7.12,6.97
563,6.93,6.95,7.19,6.88,7.44,7.12,7.17,7.12,6.97,7.57
564,6.95,7.19,6.88,7.44,7.12,7.17,7.12,6.97,7.57,7.84
565,7.19,6.88,7.44,7.12,7.17,7.12,6.97,7.57,7.84,8.33
566,6.88,7.44,7.12,7.17,7.12,6.97,7.57,7.84,8.33,7.87
567,7.44,7.12,7.17,7.12,6.97,7.57,7.84,8.33,7.87,8.02
568,7.12,7.17,7.12,6.97,7.57,7.84,8.33,7.87,8.02,7.87
569,7.17,7.12,6.97,7.57,7.84,8.33,7.87,8.02,7.87,8.47
570,7.12,6.97,7.57,7.84,8.33,7.87,8.02,7.87,8.47,8.89
571,6.97,7.57,7.84,8.33,7.87,8.02,7.87,8.47,8.89,9.16
572,7.57,7.84,8.33,7.87,8.02,7.87,8.47,8.89,9.16,9.43
573,7.84,8.33,7.87,8.02,7.87,8.47,8.89,9.16,9.43,9.74
574,8.33,7.87,8.02,7.87,8.47,8.89,9.16,9.43,9.74,9.09
575,7.87,8.02,7.87,8.47,8.89,9.16,9.43,9.74,9.09,9.24
576,8.02,7.87,8.47,8.89,9.16,9.43,9.74,9.09,9.24,9.68
577,7.87,8.47,8.89,9.16,9.43,9.74,9.09,9.24,9.68,9.88
578,8.47,8.89,9.16,9.43,9.74,9.09,9.24,9.68,9.88,10.13
579,8.89,9.16,9.43,9.74,9.09,9.24,9.68,9.88,10.13,10.54
580,9.16,9.43,9.74,9.09,9.24,9.68,9.88,10.13,10.54,10.75
581,9.43,9.74,9.09,9.24,9.68,9.88,10.13,10.54,10.75,11.11
582,9.74,9.09,9.24,9.68,9.88,10.13,10.54,10.75,11.11,11.36
583,9.09,9.24,9.68,9.88,10.13,10.54,10.75,11.11,11.36,11.31
584,9.24,9.68,9.88,10.13,10.54,10.75,11.11,11.36,11.31,11.67
585,9.68,9.88,10.13,10.54,10.75,11.11,11.36,11.31,11.67,12.29
586,9.88,10.13,10.54,10.75,11.11,11.36,11.31,11.67,12.29,12.59
587,10.13,10.54,10.75,11.11,11.36,11.31,11.67,12.29,12.59,12.88
588,10.54,10.75,11.11,11.36,11.31,11.67,12.29,12.59,12.88,12.89
589,10.75,11.11,11.36,11.31,11.67,12.29,12.59,12.88,12.89,13.2
590,11.11,11.36,11.31,11.67,12.29,12.59,12.88,12.89,13.2,12.3
591,11.36,11.31,11.67,12.29,12.59,12.88,12.89,13.2,12.3,11.3
592,11.31,11.67,12.29,12.59,12.88,12.89,13.2,12.3,11.3,9.93
593,11.67,12.29,12.59,12.88,12.89,13.2,12.3,11.3,9.93,9.15
594,12.29,12.59,12.88,12.89,13.2,12.3,11.3,9.93,9.15,8.71
595,12.59,12.88,12.89,13.2,12.3,11.3,9.93,9.15,8.71,8.1
596,12.88,12.89,13.2,12.3,11.3,9.93,9.15,8.71,8.1,7.9
597,12.89,13.2,12.3,11.3,9.93,9.15,8.71,8.1,7.9,8.16
598,13.2,12.3,11.3,9.93,9.15,8.71,8.1,7.9,8.16,7.54
599,12.3,11.3,9.93,9.15,8.71,8.1,7.9,8.16,7.54,7.69
600,11.3,9.93,9.15,8.71,8.1,7.9,8.16,7.54,7.69,7.91
601,9.93,9.15,8.71,8.1,7.9,8.16,7.54,7.69,7.91,7.74
602,9.15,8.71,8.1,7.9,8.16,7.54,7.69,7.91,7.74,7.3
603,8.71,8.1,7.9,8.16,7.54,7.69,7.91,7.74,7.3,6.68
604,8.1,7.9,8.16,7.54,7.69,7.91,7.74,7.3,6.68,6.68
605,7.9,8.16,7.54,7.69,7.91,7.74,7.3,6.68,6.68,6.75
606,8.16,7.54,7.69,7.91,7.74,7.3,6.68,6.68,6.75,6.44
607,7.54,7.69,7.91,7.74,7.3,6.68,6.68,6.75,6.44,6.76
608,7.69,7.91,7.74,7.3,6.68,6.68,6.75,6.44,6.76,6.68
609,7.91,7.74,7.3,6.68,6.68,6.75,6.44,6.76,6.68,6.67
610,7.74,7.3,6.68,6.68,6.75,6.44,6.76,6.68,6.67,6.61
611,7.3,6.68,6.68,6.75,6.44,6.76,6.68,6.67,6.61,6.44
612,6.68,6.68,6.75,6.44,6.76,6.68,6.67,6.61,6.44,5.68
613,6.68,6.75,6.44,6.76,6.68,6.67,6.61,6.44,5.68,5.72
614,6.75,6.44,6.76,6.68,6.67,6.61,6.44,5.68,5.72,5.41
615,6.44,6.76,6.68,6.67,6.61,6.44,5.68,5.72,5.41,5.64
616,6.76,6.68,6.67,6.61,6.44,5.68,5.72,5.41,5.64,5.88
617,6.68,6.67,6.61,6.44,5.68,5.72,5.41,5.64,5.88,5.42
618,6.67,6.61,6.44,5.68,5.72,5.41,5.64,5.88,5.42,4.8
619,6.61,6.44,5.68,5.72,5.41,5.64,5.88,5.42,4.8,4.74
620,6.44,5.68,5.72,5.41,5.64,5.88,5.42,4.8,4.74,4.81
621,5.68,5.72,5.41,5.64,5.88,5.42,4.8,4.74,4.81,4.72
622,5.72,5.41,5.64,5.88,5.42,4.8,4.74,4.81,4.72,4.34
623,5.41,5.64,5.88,5.42,4.8,4.74,4.81,4.72,4.34,4.15
624,5.64,5.88,5.42,4.8,4.74,4.81,4.72,4.34,4.15,4.23
625,5.88,5.42,4.8,4.74,4.81,4.72,4.34,4.15,4.23,3.89
626,5.42,4.8,4.74,4.81,4.72,4.34,4.15,4.23,3.89,3.8
627,4.8,4.74,4.81,4.72,4.34,4.15,4.23,3.89,3.8,4.06
628,4.74,4.81,4.72,4.34,4.15,4.23,3.89,3.8,4.06,3.62
629,4.81,4.72,4.34,4.15,4.23,3.89,3.8,4.06,3.62,3.61
630,4.72,4.34,4.15,4.23,3.89,3.8,4.06,3.62,3.61,3.53
631,4.34,4.15,4.23,3.89,3.8,4.06,3.62,3.61,3.53,3.45
632,4.15,4.23,3.89,3.8,4.06,3.62,3.61,3.53,3.45,3.29
633,4.23,3.89,3.8,4.06,3.62,3.61,3.53,3.45,3.29,3.78
634,3.89,3.8,4.06,3.62,3.61,3.53,3.45,3.29,3.78,4.24
635,3.8,4.06,3.62,3.61,3.53,3.45,3.29,3.78,4.24,3.79
636,4.06,3.62,3.61,3.53,3.45,3.29,3.78,4.24,3.79,3.58
637,3.62,3.61,3.53,3.45,3.29,3.78,4.24,3.79,3.58,3.76
638,3.61,3.53,3.45,3.29,3.78,4.24,3.79,3.58,3.76,3.53
639,3.53,3.45,3.29,3.78,4.24,3.79,3.58,3.76,3.53,4.04
640,3.45,3.29,3.78,4.24,3.79,3.58,3.76,3.53,4.04,3.87
641,3.29,3.78,4.24,3.79,3.58,3.76,3.53,4.04,3.87,3.68
642,3.78,4.24,3.79,3.58,3.76,3.53,4.04,3.87,3.68,3.27
643,4.24,3.79,3.58,3.76,3.53,4.04,3.87,3.68,3.27,3.29
644,3.79,3.58,3.76,3.53,4.04,3.87,3.68,3.27,3.29,3.5
645,3.58,3.76,3.53,4.04,3.87,3.68,3.27,3.29,3.5,3.41
646,3.76,3.53,4.04,3.87,3.68,3.27,3.29,3.5,3.41,3.58
647,3.53,4.04,3.87,3.68,3.27,3.29,3.5,3.41,3.58,3.39
648,4.04,3.87,3.68,3.27,3.29,3.5,3.41,3.58,3.39,3.01
649,3.87,3.68,3.27,3.29,3.5,3.41,3.58,3.39,3.01,2.72
650,3.68,3.27,3.29,3.5,3.41,3.58,3.39,3.01,2.72,2.18
651,3.27,3.29,3.5,3.41,3.58,3.39,3.01,2.72,2.18,2.69
652,3.29,3.5,3.41,3.58,3.39,3.01,2.72,2.18,2.69,3.21
653,3.5,3.41,3.58,3.39,3.01,2.72,2.18,2.69,3.21,3.46
654,3.41,3.58,3.39,3.01,2.72,2.18,2.69,3.21,3.46,3.06
655,3.58,3.39,3.01,2.72,2.18,2.69,3.21,3.46,3.06,3.6
656,3.39,3.01,2.72,2.18,2.69,3.21,3.46,3.06,3.6,3.93
657,3.01,2.72,2.18,2.69,3.21,3.46,3.06,3.6,3.93,4.7
658,2.72,2.18,2.69,3.21,3.46,3.06,3.6,3.93,4.7,4.37
659,2.18,2.69,3.21,3.46,3.06,3.6,3.93,4.7,4.37,4.28
660,2.69,3.21,3.46,3.06,3.6,3.93,4.7,4.37,4.28,3.38
661,3.21,3.46,3.06,3.6,3.93,4.7,4.37,4.28,3.38,3.3
662,3.46,3.06,3.6,3.93,4.7,4.37,4.28,3.38,3.3,3.52
663,3.06,3.6,3.93,4.7,4.37,4.28,3.38,3.3,3.52,4.5
664,3.6,3.93,4.7,4.37,4.28,3.38,3.3,3.52,4.5,5.08
665,3.93,4.7,4.37,4.28,3.38,3.3,3.52,4.5,5.08,5.61
666,4.7,4.37,4.28,3.38,3.3,3.52,4.5,5.08,5.61,5.66
667,4.37,4.28,3.38,3.3,3.52,4.5,5.08,5.61,5.66,5.88
668,4.28,3.38,3.3,3.52,4.5,5.08,5.61,5.66,5.88,6.56
669,3.38,3.3,3.52,4.5,5.08,5.61,5.66,5.88,6.56,5.68
670,3.3,3.52,4.5,5.08,5.61,5.66,5.88,6.56,5.68,5.56
671,3.52,4.5,5.08,5.61,5.66,5.88,6.56,5.68,5.56,5.47
672,4.5,5.08,5.61,5.66,5.88,6.56,5.68,5.56,5.47,5.47
673,5.08,5.61,5.66,5.88,6.56,5.68,5.56,5.47,5.47,5.55
674,5.61,5.66,5.88,6.56,5.68,5.56,5.47,5.47,5.55,5.41
675,5.66,5.88,6.56,5.68,5.56,5.47,5.47,5.55,5.41,4.87
676,5.88,6.56,5.68,5.56,5.47,5.47,5.55,5.41,4.87,4.74
677,6.56,5.68,5.56,5.47,5.47,5.55,5.41,4.87,4.74,4.45
678,5.68,5.56,5.47,5.47,5.55,5.41,4.87,4.74,4.45,4.23
679,5.56,5.47,5.47,5.55,5.41,4.87,4.74,4.45,4.23,4.01
680,5.47,5.47,5.55,5.41,4.87,4.74,4.45,4.23,4.01,3.82
681,5.47,5.55,5.41,4.87,4.74,4.45,4.23,4.01,3.82,4.0
682,5.55,5.41,4.87,4.74,4.45,4.23,4.01,3.82,4.0,4.06
683,5.41,4.87,4.74,4.45,4.23,4.01,3.82,4.0,4.06,3.99
684,4.87,4.74,4.45,4.23,4.01,3.82,4.0,4.06,3.99,4.16
685,4.74,4.45,4.23,4.01,3.82,4.0,4.06,3.99,4.16,3.94
686,4.45,4.23,4.01,3.82,4.0,4.06,3.99,4.16,3.94,4.19
687,4.23,4.01,3.82,4.0,4.06,3.99,4.16,3.94,4.19,4.26
688,4.01,3.82,4.0,4.06,3.99,4.16,3.94,4.19,4.26,4.18
689,3.82,4.0,4.06,3.99,4.16,3.94,4.19,4.26,4.18,4.44
690,4.0,4.06,3.99,4.16,3.94,4.19,4.26,4.18,4.44,4.73
691,4.06,3.99,4.16,3.94,4.19,4.26,4.18,4.44,4.73,5.1
692,3.99,4.16,3.94,4.19,4.26,4.18,4.44,4.73,5.1,4.93
693,4.16,3.94,4.19,4.26,4.18,4.44,4.73,5.1,4.93,4.66
694,3.94,4.19,4.26,4.18,4.44,4.73,5.1,4.93,4.66,4.65
695,4.19,4.26,4.18,4.44,4.73,5.1,4.93,4.66,4.65,4.48
696,4.26,4.18,4.44,4.73,5.1,4.93,4.66,4.65,4.48,4.64
697,4.18,4.44,4.73,5.1,4.93,4.66,4.65,4.48,4.64,4.75
698,4.44,4.73,5.1,4.93,4.66,4.65,4.48,4.64,4.75,4.8
699,4.73,5.1,4.93,4.66,4.65,4.48,4.64,4.75,4.8,4.42
700,5.1,4.93,4.66,4.65,4.48,4.64,4.75,4.8,4.42,4.3
701,4.93,4.66,4.65,4.48,4.64,4.75,4.8,4.42,4.3,3.96
702,4.66,4.65,4.48,4.64,4.75,4.8,4.42,4.3,3.96,3.76
703,4.65,4.48,4.64,4.75,4.8,4.42,4.3,3.96,3.76,3.8
704,4.48,4.64,4.75,4.8,4.42,4.3,3.96,3.76,3.8,4.01
705,4.64,4.75,4.8,4.42,4.3,3.96,3.76,3.8,4.01,4.01
706,4.75,4.8,4.42,4.3,3.96,3.76,3.8,4.01,4.01,3.79
707,4.8,4.42,4.3,3.96,3.76,3.8,4.01,4.01,3.79,3.52
708,4.42,4.3,3.96,3.76,3.8,4.01,4.01,3.79,3.52,3.49
709,4.3,3.96,3.76,3.8,4.01,4.01,3.79,3.52,3.49,3.37
710,3.96,3.76,3.8,4.01,4.01,3.79,3.52,3.49,3.37,3.31
711,3.76,3.8,4.01,4.01,3.79,3.52,3.49,3.37,3.31,3.39
712,3.8,4.01,4.01,3.79,3.52,3.49,3.37,3.31,3.39,3.7
713,4.01,4.01,3.79,3.52,3.49,3.37,3.31,3.39,3.7,3.73
714,4.01,3.79,3.52,3.49,3.37,3.31,3.39,3.7,3.73,3.9
715,3.79,3.52,3.49,3.37,3.31,3.39,3.7,3.73,3.9,4.2
716,3.52,3.49,3.37,3.31,3.39,3.7,3.73,3.9,4.2,4.46
717,3.49,3.37,3.31,3.39,3.7,3.73,3.9,4.2,4.46,4.26
718,3.37,3.31,3.39,3.7,3.73,3.9,4.2,4.46,4.26,4.09
719,3.31,3.39,3.7,3.73,3.9,4.2,4.46,4.26,4.09,4.16
720,3.39,3.7,3.73,3.9,4.2,4.46,4.26,4.09,4.16,4.52
721,3.7,3.73,3.9,4.2,4.46,4.26,4.09,4.16,4.52,4.46
722,3.73,3.9,4.2,4.46,4.26,4.09,4.16,4.52,4.46,4.57
723,3.9,4.2,4.46,4.26,4.09,4.16,4.52,4.46,4.57,4.45
724,4.2,4.46,4.26,4.09,4.16,4.52,4.46,4.57,4.45,4.51
725,4.46,4.26,4.09,4.16,4.52,4.46,4.57,4.45,4.51,4.17
726,4.26,4.09,4.16,4.52,4.46,4.57,4.45,4.51,4.17,3.9
727,4.09,4.16,4.52,4.46,4.57,4.45,4.51,4.17,3.9,3.84
728,4.16,4.52,4.46,4.57,4.45,4.51,4.17,3.9,3.84,3.82
729,4.52,4.46,4.57,4.45,4.51,4.17,3.9,3.84,3.82,3.8
730,4.46,4.57,4.45,4.51,4.17,3.9,3.84,3.82,3.8,3.88
731,4.57,4.45,4.51,4.17,3.9,3.84,3.82,3.8,3.88,4.12
732,4.45,4.51,4.17,3.9,3.84,3.82,3.8,3.88,4.12,4.3
733,4.51,4.17,3.9,3.84,3.82,3.8,3.88,4.12,4.3,4.15
734,4.17,3.9,3.84,3.82,3.8,3.88,4.12,4.3,4.15,4.12
735,3.9,3.84,3.82,3.8,3.88,4.12,4.3,4.15,4.12,4.27
736,3.84,3.82,3.8,3.88,4.12,4.3,4.15,4.12,4.27,4.39
737,3.82,3.8,3.88,4.12,4.3,4.15,4.12,4.27,4.39,4.5
738,3.8,3.88,4.12,4.3,4.15,4.12,4.27,4.39,4.5,4.18
739,3.88,4.12,4.3,4.15,4.12,4.27,4.39,4.5,4.18,4.15
740,4.12,4.3,4.15,4.12,4.27,4.39,4.5,4.18,4.15,4.35
741,4.3,4.15,4.12,4.27,4.39,4.5,4.18,4.15,4.35,4.65
742,4.15,4.12,4.27,4.39,4.5,4.18,4.15,4.35,4.65,4.83
743,4.12,4.27,4.39,4.5,4.18,4.15,4.35,4.65,4.83,4.56
744,4.27,4.39,4.5,4.18,4.15,4.35,4.65,4.83,4.56,4.33
745,4.39,4.5,4.18,4.15,4.35,4.65,4.83,4.56,4.33,4.32
746,4.5,4.18,4.15,4.35,4.65,4.83,4.56,4.33,4.32,4.3
747,4.18,4.15,4.35,4.65,4.83,4.56,4.33,4.32,4.3,4.41
748,4.15,4.35,4.65,4.83,4.56,4.33,4.32,4.3,4.41,4.58
749,4.35,4.65,4.83,4.56,4.33,4.32,4.3,4.41,4.58,4.4
750,4.65,4.83,4.56,4.33,4.32,4.3,4.41,4.58,4.4,4.21
751,4.83,4.56,4.33,4.32,4.3,4.41,4.58,4.4,4.21,4.08
752,4.56,4.33,4.32,4.3,4.41,4.58,4.4,4.21,4.08,4.01
753,4.33,4.32,4.3,4.41,4.58,4.4,4.21,4.08,4.01,4.01
754,4.32,4.3,4.41,4.58,4.4,4.21,4.08,4.01,4.01,4.01
755,4.3,4.41,4.58,4.4,4.21,4.08,4.01,4.01,4.01,3.96
756,4.41,4.58,4.4,4.21,4.08,4.01,4.01,4.01,3.96,3.95
757,4.58,4.4,4.21,4.08,4.01,4.01,4.01,3.96,3.95,3.77
758,4.4,4.21,4.08,4.01,4.01,4.01,3.96,3.95,3.77,3.81
759,4.21,4.08,4.01,4.01,4.01,3.96,3.95,3.77,3.81,3.53
760,4.08,4.01,4.01,4.01,3.96,3.95,3.77,3.81,3.53,3.48
761,4.01,4.01,4.01,3.96,3.95,3.77,3.81,3.53,3.48,3.62
762,4.01,4.01,3.96,3.95,3.77,3.81,3.53,3.48,3.62,3.62
763,4.01,3.96,3.95,3.77,3.81,3.53,3.48,3.62,3.62,3.47
764,3.96,3.95,3.77,3.81,3.53,3.48,3.62,3.62,3.47,3.42
765,3.95,3.77,3.81,3.53,3.48,3.62,3.62,3.47,3.42,3.1
766,3.77,3.81,3.53,3.48,3.62,3.62,3.47,3.42,3.1,2.92
767,3.81,3.53,3.48,3.62,3.62,3.47,3.42,3.1,2.92,3.37
768,3.53,3.48,3.62,3.62,3.47,3.42,3.1,2.92,3.37,3.39
769,3.48,3.62,3.62,3.47,3.42,3.1,2.92,3.37,3.39,3.08
770,3.62,3.62,3.47,3.42,3.1,2.92,3.37,3.39,3.08,3.04
771,3.62,3.47,3.42,3.1,2.92,3.37,3.39,3.08,3.04,3.04
772,3.47,3.42,3.1,2.92,3.37,3.39,3.08,3.04,3.04,2.92
773,3.42,3.1,2.92,3.37,3.39,3.08,3.04,3.04,2.92,2.81
774,3.1,2.92,3.37,3.39,3.08,3.04,3.04,2.92,2.81,2.4
775,2.92,3.37,3.39,3.08,3.04,3.04,2.92,2.81,2.4,2.57
776,3.37,3.39,3.08,3.04,3.04,2.92,2.81,2.4,2.57,2.45
777,3.39,3.08,3.04,3.04,2.92,2.81,2.4,2.57,2.45,2.51
778,3.08,3.04,3.04,2.92,2.81,2.4,2.57,2.45,2.51,2.52
779,3.04,3.04,2.92,2.81,2.4,2.57,2.45,2.51,2.52,2.63
780,3.04,2.92,2.81,2.4,2.57,2.45,2.51,2.52,2.63,2.45
781,2.92,2.81,2.4,2.57,2.45,2.51,2.52,2.63,2.45,2.26
782,2.81,2.4,2.57,2.45,2.51,2.52,2.63,2.45,2.26,2.11
783,2.4,2.57,2.45,2.51,2.52,2.63,2.45,2.26,2.11,2.16
784,2.57,2.45,2.51,2.52,2.63,2.45,2.26,2.11,2.16,2.06
785,2.45,2.51,2.52,2.63,2.45,2.26,2.11,2.16,2.06,1.97
786,2.51,2.52,2.63,2.45,2.26,2.11,2.16,2.06,1.97,1.93
787,2.52,2.63,2.45,2.26,2.11,2.16,2.06,1.97,1.93,1.86
788,2.63,2.45,2.26,2.11,2.16,2.06,1.97,1.93,1.86,2.0
789,2.45,2.26,2.11,2.16,2.06,1.97,1.93,1.86,2.0,2.26
790,2.26,2.11,2.16,2.06,1.97,1.93,1.86,2.0,2.26,2.33
791,2.11,2.16,2.06,1.97,1.93,1.86,2.0,2.26,2.33,2.49
792,2.16,2.06,1.97,1.93,1.86,2.0,2.26,2.33,2.49,2.59
793,2.06,1.97,1.93,1.86,2.0,2.26,2.33,2.49,2.59,2.37
794,1.97,1.93,1.86,2.0,2.26,2.33,2.49,2.59,2.37,2.33
795,1.93,1.86,2.0,2.26,2.33,2.49,2.59,2.37,2.33,2.24
796,1.86,2.0,2.26,2.33,2.49,2.59,2.37,2.33,2.24,2.52
797,2.0,2.26,2.33,2.49,2.59,2.37,2.33,2.24,2.52,2.76
798,2.26,2.33,2.49,2.59,2.37,2.33,2.24,2.52,2.76,2.84
799,2.33,2.49,2.59,2.37,2.33,2.24,2.52,2.76,2.84,2.82
800,2.49,2.59,2.37,2.33,2.24,2.52,2.76,2.84,2.82,2.92
801,2.59,2.37,2.33,2.24,2.52,2.76,2.84,2.82,2.92,3.13
802,2.37,2.33,2.24,2.52,2.76,2.84,2.82,2.92,3.13,3.12
803,2.33,2.24,2.52,2.76,2.84,2.82,2.92,3.13,3.12,2.92
804,2.24,2.52,2.76,2.84,2.82,2.92,3.13,3.12,2.92,2.77
805,2.52,2.76,2.84,2.82,2.92,3.13,3.12,2.92,2.77,2.79
806,2.76,2.84,2.82,2.92,3.13,3.12,2.92,2.77,2.79,2.72
807,2.84,2.82,2.92,3.13,3.12,2.92,2.77,2.79,2.72,2.82
808,2.82,2.92,3.13,3.12,2.92,2.77,2.79,2.72,2.82,2.88
809,2.92,3.13,3.12,2.92,2.77,2.79,2.72,2.82,2.88,2.76
810,3.13,3.12,2.92,2.77,2.79,2.72,2.82,2.88,2.76,2.93
811,3.12,2.92,2.77,2.79,2.72,2.82,2.88,2.76,2.93,3.22
812,2.92,2.77,2.79,2.72,2.82,2.88,2.76,2.93,3.22,3.26
813,2.77,2.79,2.72,2.82,2.88,2.76,2.93,3.22,3.26,3.31
814,2.79,2.72,2.82,2.88,2.76,2.93,3.22,3.26,3.31,3.41
815,2.72,2.82,2.88,2.76,2.93,3.22,3.26,3.31,3.41,3.44
816,2.82,2.88,2.76,2.93,3.22,3.26,3.31,3.41,3.44,3.4
817,2.88,2.76,2.93,3.22,3.26,3.31,3.41,3.44,3.4,3.54
818,2.76,2.93,3.22,3.26,3.31,3.41,3.44,3.4,3.54,3.61
819,2.93,3.22,3.26,3.31,3.41,3.44,3.4,3.54,3.61,3.66
820,3.22,3.26,3.31,3.41,3.44,3.4,3.54,3.61,3.66,3.41
821,3.26,3.31,3.41,3.44,3.4,3.54,3.61,3.66,3.41,3.3
822,3.31,3.41,3.44,3.4,3.54,3.61,3.66,3.41,3.3,3.3
823,3.41,3.44,3.4,3.54,3.61,3.66,3.41,3.3,3.3,3.34
824,3.44,3.4,3.54,3.61,3.66,3.41,3.3,3.3,3.34,3.28
825,3.4,3.54,3.61,3.66,3.41,3.3,3.3,3.34,3.28,3.18
826,3.54,3.61,3.66,3.41,3.3,3.3,3.34,3.28,3.18,3.44
827,3.61,3.66,3.41,3.3,3.3,3.34,3.28,3.18,3.44,3.54
828,3.66,3.41,3.3,3.3,3.34,3.28,3.18,3.44,3.54,3.26
829,3.41,3.3,3.3,3.34,3.28,3.18,3.44,3.54,3.26,3.33
830,3.3,3.3,3.34,3.28,3.18,3.44,3.54,3.26,3.33,3.26
831,3.3,3.34,3.28,3.18,3.44,3.54,3.26,3.33,3.26,3.28
832,3.34,3.28,3.18,3.44,3.54,3.26,3.33,3.26,3.28,3.48
833,3.28,3.18,3.44,3.54,3.26,3.33,3.26,3.28,3.48,3.57
834,3.18,3.44,3.54,3.26,3.33,3.26,3.28,3.48,3.57,3.74
835,3.44,3.54,3.26,3.33,3.26,3.28,3.48,3.57,3.74,3.99
836,3.54,3.26,3.33,3.26,3.28,3.48,3.57,3.74,3.99,4.05
837,3.26,3.33,3.26,3.28,3.48,3.57,3.74,3.99,4.05,3.99
838,3.33,3.26,3.28,3.48,3.57,3.74,3.99,4.05,3.99,4.13
839,3.26,3.28,3.48,3.57,3.74,3.99,4.05,3.99,4.13,4.25
840,3.28,3.48,3.57,3.74,3.99,4.05,3.99,4.13,4.25,4.24
841,3.48,3.57,3.74,3.99,4.05,3.99,4.13,4.25,4.24,4.23
842,3.57,3.74,3.99,4.05,3.99,4.13,4.25,4.24,4.23,3.89
843,3.74,3.99,4.05,3.99,4.13,4.25,4.24,4.23,3.89,3.95
844,3.99,4.05,3.99,4.13,4.25,4.24,4.23,3.89,3.95,4.14
845,4.05,3.99,4.13,4.25,4.24,4.23,3.89,3.95,4.14,4.12
846,3.99,4.13,4.25,4.24,4.23,3.89,3.95,4.14,4.12,3.94
847,4.13,4.25,4.24,4.23,3.89,3.95,4.14,4.12,3.94,3.77
848,4.25,4.24,4.23,3.89,3.95,4.14,4.12,3.94,3.77,3.87
849,4.24,4.23,3.89,3.95,4.14,4.12,3.94,3.77,3.87,3.72
850,4.23,3.89,3.95,4.14,4.12,3.94,3.77,3.87,3.72,3.54
851,3.89,3.95,4.14,4.12,3.94,3.77,3.87,3.72,3.54,3.66
852,3.95,4.14,4.12,3.94,3.77,3.87,3.72,3.54,3.66,3.69
853,4.14,4.12,3.94,3.77,3.87,3.72,3.54,3.66,3.69,3.67
854,4.12,3.94,3.77,3.87,3.72,3.54,3.66,3.69,3.67,3.45
855,3.94,3.77,3.87,3.72,3.54,3.66,3.69,3.67,3.45,3.32
856,3.77,3.87,3.72,3.54,3.66,3.69,3.67,3.45,3.32,3.35
857,3.87,3.72,3.54,3.66,3.69,3.67,3.45,3.32,3.35,3.49
858,3.72,3.54,3.66,3.69,3.67,3.45,3.32,3.35,3.49,3.55
859,3.54,3.66,3.69,3.67,3.45,3.32,3.35,3.49,3.55,3.64
860,3.66,3.69,3.67,3.45,3.32,3.35,3.49,3.55,3.64,3.61
861,3.69,3.67,3.45,3.32,3.35,3.49,3.55,3.64,3.61,3.71
862,3.67,3.45,3.32,3.35,3.49,3.55,3.64,3.61,3.71,3.55
863,3.45,3.32,3.35,3.49,3.55,3.64,3.61,3.71,3.55,3.56
864,3.32,3.35,3.49,3.55,3.64,3.61,3.71,3.55,3.56,3.7
865,3.35,3.49,3.55,3.64,3.61,3.71,3.55,3.56,3.7,3.79
866,3.49,3.55,3.64,3.61,3.71,3.55,3.56,3.7,3.79,3.69
867,3.55,3.64,3.61,3.71,3.55,3.56,3.7,3.79,3.69,3.55
868,3.64,3.61,3.71,3.55,3.56,3.7,3.79,3.69,3.55,3.47
869,3.61,3.71,3.55,3.56,3.7,3.79,3.69,3.55,3.47,3.62
870,3.71,3.55,3.56,3.7,3.79,3.69,3.55,3.47,3.62,3.68
871,3.55,3.56,3.7,3.79,3.69,3.55,3.47,3.62,3.68,3.87
872,3.56,3.7,3.79,3.69,3.55,3.47,3.62,3.68,3.87,3.94
873,3.7,3.79,3.69,3.55,3.47,3.62,3.68,3.87,3.94,4.31
874,3.79,3.69,3.55,3.47,3.62,3.68,3.87,3.94,4.31,4.25
875,3.69,3.55,3.47,3.62,3.68,3.87,3.94,4.31,4.25,4.45
876,3.55,3.47,3.62,3.68,3.87,3.94,4.31,4.25,4.45,4.36
877,3.47,3.62,3.68,3.87,3.94,4.31,4.25,4.45,4.36,4.31
878,3.62,3.68,3.87,3.94,4.31,4.25,4.45,4.36,4.31,4.39
879,3.68,3.87,3.94,4.31,4.25,4.45,4.36,4.31,4.39,5.08
880,3.87,3.94,4.31,4.25,4.45,4.36,4.31,4.39,5.08,5.29
881,3.94,4.31,4.25,4.45,4.36,4.31,4.39,5.08,5.29,6.35
882,4.31,4.25,4.45,4.36,4.31,4.39,5.08,5.29,6.35,6.55
883,4.25,4.45,4.36,4.31,4.39,5.08,5.29,6.35,6.55,6.0
884,4.45,4.36,4.31,4.39,5.08,5.29,6.35,6.55,6.0,5.1
885,4.36,4.31,4.39,5.08,5.29,6.35,6.55,6.0,5.1,6.24
886,4.31,4.39,5.08,5.29,6.35,6.55,6.0,5.1,6.24,4.58
887,4.39,5.08,5.29,6.35,6.55,6.0,5.1,6.24,4.58,4.43
888,5.08,5.29,6.35,6.55,6.0,5.1,6.24,4.58,4.43,4.46
889,5.29,6.35,6.55,6.0,5.1,6.24,4.58,4.43,4.46,4.45
890,6.35,6.55,6.0,5.1,6.24,4.58,4.43,4.46,4.45,4.63
891,6.55,6.0,5.1,6.24,4.58,4.43,4.46,4.45,4.63,4.65
892,6.0,5.1,6.24,4.58,4.43,4.46,4.45,4.63,4.65,4.8
893,5.1,6.24,4.58,4.43,4.46,4.45,4.63,4.65,4.8,4.76
894,6.24,4.58,4.43,4.46,4.45,4.63,4.65,4.8,4.76,4.74
895,4.58,4.43,4.46,4.45,4.63,4.65,4.8,4.76,4.74,4.46
896,4.43,4.46,4.45,4.63,4.65,4.8,4.76,4.74,4.46,4.52
897,4.46,4.45,4.63,4.65,4.8,4.76,4.74,4.46,4.52,4.52
898,4.45,4.63,4.65,4.8,4.76,4.74,4.46,4.52,4.52,4.61
899,4.63,4.65,4.8,4.76,4.74,4.46,4.52,4.52,4.61,4.61
900,4.65,4.8,4.76,4.74,4.46,4.52,4.52,4.61,4.61,4.66
901,4.8,4.76,4.74,4.46,4.52,4.52,4.61,4.61,4.66,4.52
902,4.76,4.74,4.46,4.52,4.52,4.61,4.61,4.66,4.52,4.41
903,4.74,4.46,4.52,4.52,4.61,4.61,4.66,4.52,4.41,4.19
904,4.46,4.52,4.52,4.61,4.61,4.66,4.52,4.41,4.19,4.11
905,4.52,4.52,4.61,4.61,4.66,4.52,4.41,4.19,4.11,3.84
906,4.52,4.61,4.61,4.66,4.52,4.41,4.19,4.11,3.84,3.79
907,4.61,4.61,4.66,4.52,4.41,4.19,4.11,3.84,3.79,3.92
908,4.61,4.66,4.52,4.41,4.19,4.11,3.84,3.79,3.92,3.9
909,4.66,4.52,4.41,4.19,4.11,3.84,3.79,3.92,3.9,3.85
910,4.52,4.41,4.19,4.11,3.84,3.79,3.92,3.9,3.85,4.01
911,4.41,4.19,4.11,3.84,3.79,3.92,3.9,3.85,4.01,3.93
912,4.19,4.11,3.84,3.79,3.92,3.9,3.85,4.01,3.93,3.91
913,4.11,3.84,3.79,3.92,3.9,3.85,4.01,3.93,3.91,3.95
914,3.84,3.79,3.92,3.9,3.85,4.01,3.93,3.91,3.95,3.88
915,3.79,3.92,3.9,3.85,4.01,3.93,3.91,3.95,3.88,4.02
916,3.92,3.9,3.85,4.01,3.93,3.91,3.95,3.88,4.02,3.87
917,3.9,3.85,4.01,3.93,3.91,3.95,3.88,4.02,3.87,3.82
918,3.85,4.01,3.93,3.91,3.95,3.88,4.02,3.87,3.82,3.63
919,4.01,3.93,3.91,3.95,3.88,4.02,3.87,3.82,3.63,3.65
920,3.93,3.91,3.95,3.88,4.02,3.87,3.82,3.63,3.65,3.83
921,3.91,3.95,3.88,4.02,3.87,3.82,3.63,3.65,3.83,4.16
922,3.95,3.88,4.02,3.87,3.82,3.63,3.65,3.83,4.16,4.34
923,3.88,4.02,3.87,3.82,3.63,3.65,3.83,4.16,4.34,4.16
924,4.02,3.87,3.82,3.63,3.65,3.83,4.16,4.34,4.16,3.75
925,3.87,3.82,3.63,3.65,3.83,4.16,4.34,4.16,3.75,3.66
926,3.82,3.63,3.65,3.83,4.16,4.34,4.16,3.75,3.66,3.69
927,3.63,3.65,3.83,4.16,4.34,4.16,3.75,3.66,3.69,2.94
928,3.65,3.83,4.16,4.34,4.16,3.75,3.66,3.69,2.94,3.09
929,3.83,4.16,4.34,4.16,3.75,3.66,3.69,2.94,3.09,3.03
930,4.16,4.34,4.16,3.75,3.66,3.69,2.94,3.09,3.03,3.08
931,4.34,4.16,3.75,3.66,3.69,2.94,3.09,3.03,3.08,2.95
932,4.16,3.75,3.66,3.69,2.94,3.09,3.03,3.08,2.95,2.91
933,3.75,3.66,3.69,2.94,3.09,3.03,3.08,2.95,2.91,2.72
934,3.66,3.69,2.94,3.09,3.03,3.08,2.95,2.91,2.72,2.75
935,3.69,2.94,3.09,3.03,3.08,2.95,2.91,2.72,2.75,2.9
936,2.94,3.09,3.03,3.08,2.95,2.91,2.72,2.75,2.9,3.13
937,3.09,3.03,3.08,2.95,2.91,2.72,2.75,2.9,3.13,3.04
938,3.03,3.08,2.95,2.91,2.72,2.75,2.9,3.13,3.04,2.76
939,3.08,2.95,2.91,2.72,2.75,2.9,3.13,3.04,2.76,2.8
940,2.95,2.91,2.72,2.75,2.9,3.13,3.04,2.76,2.8,2.79
941,2.91,2.72,2.75,2.9,3.13,3.04,2.76,2.8,2.79,2.64
942,2.72,2.75,2.9,3.13,3.04,2.76,2.8,2.79,2.64,2.67
943,2.75,2.9,3.13,3.04,2.76,2.8,2.79,2.64,2.67,2.61
944,2.9,3.13,3.04,2.76,2.8,2.79,2.64,2.67,2.61,2.6
945,3.13,3.04,2.76,2.8,2.79,2.64,2.67,2.61,2.6,2.57
946,3.04,2.76,2.8,2.79,2.64,2.67,2.61,2.6,2.57,2.75
947,2.76,2.8,2.79,2.64,2.67,2.61,2.6,2.57,2.75,2.88
948,2.8,2.79,2.64,2.67,2.61,2.6,2.57,2.75,2.88,2.99
949,2.79,2.64,2.67,2.61,2.6,2.57,2.75,2.88,2.99,2.8
950,2.64,2.67,2.61,2.6,2.57,2.75,2.88,2.99,2.8,2.65
951,2.67,2.61,2.6,2.57,2.75,2.88,2.99,2.8,2.65,2.78
952,2.61,2.6,2.57,2.75,2.88,2.99,2.8,2.65,2.78,2.9
953,2.6,2.57,2.75,2.88,2.99,2.8,2.65,2.78,2.9,2.8
954,2.57,2.75,2.88,2.99,2.8,2.65,2.78,2.9,2.8,2.79
955,2.75,2.88,2.99,2.8,2.65,2.78,2.9,2.8,2.79,2.75
956,2.88,2.99,2.8,2.65,2.78,2.9,2.8,2.79,2.75,2.89
957,2.99,2.8,2.65,2.78,2.9,2.8,2.79,2.75,2.89,2.88
958,2.8,2.65,2.78,2.9,2.8,2.79,2.75,2.89,2.88,2.87
959,2.65,2.78,2.9,2.8,2.79,2.75,2.89,2.88,2.87,2.8
960,2.78,2.9,2.8,2.79,2.75,2.89,2.88,2.87,2.8,2.88
961,2.9,2.8,2.79,2.75,2.89,2.88,2.87,2.8,2.88,2.75
962,2.8,2.79,2.75,2.89,2.88,2.87,2.8,2.88,2.75,2.69
963,2.79,2.75,2.89,2.88,2.87,2.8,2.88,2.75,2.69,2.69
964,2.75,2.89,2.88,2.87,2.8,2.88,2.75,2.69,2.69,2.7
965,2.89,2.88,2.87,2.8,2.88,2.75,2.69,2.69,2.7,2.7
966,2.88,2.87,2.8,2.88,2.75,2.69,2.69,2.7,2.7,2.61
967,2.87,2.8,2.88,2.75,2.69,2.69,2.7,2.7,2.61,2.49
968,2.8,2.88,2.75,2.69,2.69,2.7,2.7,2.61,2.49,2.38
969,2.88,2.75,2.69,2.69,2.7,2.7,2.61,2.49,2.38,2.48
970,2.75,2.69,2.69,2.7,2.7,2.61,2.49,2.38,2.48,2.38
971,2.69,2.69,2.7,2.7,2.61,2.49,2.38,2.48,2.38,2.12
972,2.69,2.7,2.7,2.61,2.49,2.38,2.48,2.38,2.12,2.02
973,2.7,2.7,2.61,2.49,2.38,2.48,2.38,2.12,2.02,2.11
974,2.7,2.61,2.49,2.38,2.48,2.38,2.12,2.02,2.11,2.09
975,2.61,2.49,2.38,2.48,2.38,2.12,2.02,2.11,2.09,2.15
976,2.49,2.38,2.48,2.38,2.12,2.02,2.11,2.09,2.15,2.13
977,2.38,2.48,2.38,2.12,2.02,2.11,2.09,2.15,2.13,1.96
978,2.48,2.38,2.12,2.02,2.11,2.09,2.15,2.13,1.96,1.72
979,2.38,2.12,2.02,2.11,2.09,2.15,2.13,1.96,1.72,1.68
980,2.12,2.02,2.11,2.09,2.15,2.13,1.96,1.72,1.68,2.27
981,2.02,2.11,2.09,2.15,2.13,1.96,1.72,1.68,2.27,2.38
982,2.11,2.09,2.15,2.13,1.96,1.72,1.68,2.27,2.38,2.32
983,2.09,2.15,2.13,1.96,1.72,1.68,2.27,2.38,2.32,2.2
984,2.15,2.13,1.96,1.72,1.68,2.27,2.38,2.32,2.2,2.22
985,2.13,1.96,1.72,1.68,2.27,2.38,2.32,2.2,2.22,2.11
986,1.96,1.72,1.68,2.27,2.38,2.32,2.2,2.22,2.11,2.16
987,1.72,1.68,2.27,2.38,2.32,2.2,2.22,2.11,2.16,1.94
988,1.68,2.27,2.38,2.32,2.2,2.22,2.11,2.16,1.94,1.82
989,2.27,2.38,2.32,2.2,2.22,2.11,2.16,1.94,1.82,1.57
990,2.38,2.32,2.2,2.22,2.11,2.16,1.94,1.82,1.57,1.64
991,2.32,2.2,2.22,2.11,2.16,1.94,1.82,1.57,1.64,1.79
992,2.2,2.22,2.11,2.16,1.94,1.82,1.57,1.64,1.79,1.79
993,2.22,2.11,2.16,1.94,1.82,1.57,1.64,1.79,1.79,1.86
994,2.11,2.16,1.94,1.82,1.57,1.64,1.79,1.79,1.86,1.96
995,2.16,1.94,1.82,1.57,1.64,1.79,1.79,1.86,1.96,1.9
996,1.94,1.82,1.57,1.64,1.79,1.79,1.86,1.96,1.9,1.91
997,1.82,1.57,1.64,1.79,1.79,1.86,1.96,1.9,1.91,1.92
998,1.57,1.64,1.79,1.79,1.86,1.96,1.9,1.91,1.92,1.96
999,1.64,1.79,1.79,1.86,1.96,1.9,1.91,1.92,1.96,2.0
1000,1.79,1.79,1.86,1.96,1.9,1.91,1.92,1.96,2.0,1.89
1001,1.79,1.86,1.96,1.9,1.91,1.92,1.96,2.0,1.89,1.84
1002,1.86,1.96,1.9,1.91,1.92,1.96,2.0,1.89,1.84,2.15
1003,1.96,1.9,1.91,1.92,1.96,2.0,1.89,1.84,2.15,2.36
1004,1.9,1.91,1.92,1.96,2.0,1.89,1.84,2.15,2.36,2.59
1005,1.91,1.92,1.96,2.0,1.89,1.84,2.15,2.36,2.59,2.75
1006,1.92,1.96,2.0,1.89,1.84,2.15,2.36,2.59,2.75,2.89
1007,1.96,2.0,1.89,1.84,2.15,2.36,2.59,2.75,2.89,2.82
1008,2.0,1.89,1.84,2.15,2.36,2.59,2.75,2.89,2.82,2.81
1009,1.89,1.84,2.15,2.36,2.59,2.75,2.89,2.82,2.81,2.79
1010,1.84,2.15,2.36,2.59,2.75,2.89,2.82,2.81,2.79,2.85
1011,2.15,2.36,2.59,2.75,2.89,2.82,2.81,2.79,2.85,2.88
1012,2.36,2.59,2.75,2.89,2.82,2.81,2.79,2.85,2.88,2.77
1013,2.59,2.75,2.89,2.82,2.81,2.79,2.85,2.88,2.77,2.73
1014,2.75,2.89,2.82,2.81,2.79,2.85,2.88,2.77,2.73,2.82
1015,2.89,2.82,2.81,2.79,2.85,2.88,2.77,2.73,2.82,2.94
1016,2.82,2.81,2.79,2.85,2.88,2.77,2.73,2.82,2.94,2.87
1017,2.81,2.79,2.85,2.88,2.77,2.73,2.82,2.94,2.87,3.02
1018,2.79,2.85,2.88,2.77,2.73,2.82,2.94,2.87,3.02,3.11
1019,2.85,2.88,2.77,2.73,2.82,2.94,2.87,3.02,3.11,3.01
1020,2.88,2.77,2.73,2.82,2.94,2.87,3.02,3.11,3.01,2.91
1021,2.77,2.73,2.82,2.94,2.87,3.02,3.11,3.01,2.91,3.17
1022,2.73,2.82,2.94,2.87,3.02,3.11,3.01,2.91,3.17,3.14
1023,2.82,2.94,2.87,3.02,3.11,3.01,2.91,3.17,3.14,2.72
1024,2.94,2.87,3.02,3.11,3.01,2.91,3.17,3.14,2.72,2.5
1025,2.87,3.02,3.11,3.01,2.91,3.17,3.14,2.72,2.5,2.22
1026,3.02,3.11,3.01,2.91,3.17,3.14,2.72,2.5,2.22,2.44
1027,3.11,3.01,2.91,3.17,3.14,2.72,2.5,2.22,2.44,2.76
1028,3.01,2.91,3.17,3.14,2.72,2.5,2.22,2.44,2.76,3.21
1029,2.91,3.17,3.14,2.72,2.5,2.22,2.44,2.76,3.21,3.69
1030,3.17,3.14,2.72,2.5,2.22,2.44,2.76,3.21,3.69,3.57
1031,3.14,2.72,2.5,2.22,2.44,2.76,3.21,3.69,3.57,3.51
1032,2.72,2.5,2.22,2.44,2.76,3.21,3.69,3.57,3.51,3.69
1033,2.5,2.22,2.44,2.76,3.21,3.69,3.57,3.51,3.69,3.47
1034,2.22,2.44,2.76,3.21,3.69,3.57,3.51,3.69,3.47,3.27
1035,2.44,2.76,3.21,3.69,3.57,3.51,3.69,3.47,3.27,3.29
1036,2.76,3.21,3.69,3.57,3.51,3.69,3.47,3.27,3.29,3.27
1037,3.21,3.69,3.57,3.51,3.69,3.47,3.27,3.29,3.27,3.12
1038,3.69,3.57,3.51,3.69,3.47,3.27,3.29,3.27,3.12,3.04
1039,3.57,3.51,3.69,3.47,3.27,3.29,3.27,3.12,3.04,2.87
1040,3.51,3.69,3.47,3.27,3.29,3.27,3.12,3.04,2.87,2.62
1041,3.69,3.47,3.27,3.29,3.27,3.12,3.04,2.87,2.62,2.52
1042,3.47,3.27,3.29,3.27,3.12,3.04,2.87,2.62,2.52,2.75
1043,3.27,3.29,3.27,3.12,3.04,2.87,2.62,2.52,2.75,2.96
1044,3.29,3.27,3.12,3.04,2.87,2.62,2.52,2.75,2.96,2.99
1045,3.27,3.12,3.04,2.87,2.62,2.52,2.75,2.96,2.99,3.03
1046,3.12,3.04,2.87,2.62,2.52,2.75,2.96,2.99,3.03,3.18
1047,3.04,2.87,2.62,2.52,2.75,2.96,2.99,3.03,3.18,3.05
1048,2.87,2.62,2.52,2.75,2.96,2.99,3.03,3.18,3.05,3.1
1049,2.62,2.52,2.75,2.96,2.99,3.03,3.18,3.05,3.1,3.09
1050,2.52,2.75,2.96,2.99,3.03,3.18,3.05,3.1,3.09,3.14
1051,2.75,2.96,2.99,3.03,3.18,3.05,3.1,3.09,3.14,3.12
1052,2.96,2.99,3.03,3.18,3.05,3.1,3.09,3.14,3.12,3.21
1053,2.99,3.03,3.18,3.05,3.1,3.09,3.14,3.12,3.21,3.18
1054,3.03,3.18,3.05,3.1,3.09,3.14,3.12,3.21,3.18,3.03
1055,3.18,3.05,3.1,3.09,3.14,3.12,3.21,3.18,3.03,2.98
1056,3.05,3.1,3.09,3.14,3.12,3.21,3.18,3.03,2.98,3.03
1057,3.1,3.09,3.14,3.12,3.21,3.18,3.03,2.98,3.03,2.89
1058,3.09,3.14,3.12,3.21,3.18,3.03,2.98,3.03,2.89,3.01
1059,3.14,3.12,3.21,3.18,3.03,2.98,3.03,2.89,3.01,2.95
1060,3.12,3.21,3.18,3.03,2.98,3.03,2.89,3.01,2.95,2.96
1061,3.21,3.18,3.03,2.98,3.03,2.89,3.01,2.95,2.96,3.09
1062,3.18,3.03,2.98,3.03,2.89,3.01,2.95,2.96,3.09,2.96
1063,3.03,2.98,3.03,2.89,3.01,2.95,2.96,3.09,2.96,2.8
1064,2.98,3.03,2.89,3.01,2.95,2.96,3.09,2.96,2.8,2.85
1065,3.03,2.89,3.01,2.95,2.96,3.09,2.96,2.8,2.85,2.95
1066,2.89,3.01,2.95,2.96,3.09,2.96,2.8,2.85,2.95,2.97
1067,3.01,2.95,2.96,3.09,2.96,2.8,2.85,2.95,2.97,2.93
1068,2.95,2.96,3.09,2.96,2.8,2.85,2.95,2.97,2.93,2.91
1069,2.96,3.09,2.96,2.8,2.85,2.95,2.97,2.93,2.91,2.96
1070,3.09,2.96,2.8,2.85,2.95,2.97,2.93,2.91,2.96,3.09
